Obs,Stp,Exp,Res,Var,StRes,Wt,LProb,Measure,Displ,Status,MPCat,E1,E2,E3,M1,M2,M3,text_id,rater_id,band
43,43,49.36,-6.36,20.84,-1.39,1,-2.02,-0.63,-0.31,1,53,1,1,1,-0.64,0,-0.01,Text1,R1,TR
43,43,47.76,-4.76,22.86,-0.99,1,-1.61,-0.71,-0.21,1,50,1,1,2,-0.64,0,0.07,Text1,R1,CC
43,43,52.56,-9.56,18.57,-2.22,1,-3.36,-0.46,-0.51,1,53,1,1,3,-0.64,0,-0.17,Text1,R1,LR
37,37,47.84,-10.84,22.77,-2.27,1,-4.5,-0.7,-0.48,1,50,1,1,4,-0.64,0,0.06,Text1,R1,GRA
34,34,48.1,-14.1,22.5,-2.97,1,-5.69,-0.69,-0.63,1,50,1,1,5,-0.64,0,0.05,Text1,R1,HOL
53,53,66.64,-13.64,28.31,-2.56,1,-4.44,0.1,-0.48,1,63,15,1,1,0.1,0,-0.01,Text15,R1,TR
63,63,64.61,-1.61,27.02,-0.31,1,-1.11,0.03,-0.06,1,63,15,1,2,0.1,0,0.07,Text15,R1,CC
67,67,71.43,-4.43,28.1,-0.84,1,-2.09,0.27,-0.16,1,73,15,1,3,0.1,0,-0.17,Text15,R1,LR
67,67,64.71,2.29,27.08,0.44,1,-1.84,0.03,0.08,1,63,15,1,4,0.1,0,0.06,Text15,R1,GRA
63,63,65.03,-2.03,27.29,-0.39,1,-1.14,0.05,-0.07,1,63,15,1,5,0.1,0,0.05,Text15,R1,HOL
73,73,81.93,-8.93,28.13,-1.68,1,-2.41,0.64,-0.32,1,83,23,1,1,0.63,0,-0.01,Text23,R1,TR
63,63,79.81,-16.81,29.49,-3.1,1,-5.97,0.56,-0.57,1,83,23,1,2,0.63,0,0.07,Text23,R1,CC
80,80,86.35,-6.35,24.68,-1.28,1,-3.08,0.8,-0.26,1,83,23,1,3,0.63,0,-0.17,Text23,R1,LR
73,73,79.93,-6.93,29.44,-1.28,1,-1.86,0.57,-0.24,1,83,23,1,4,0.63,0,0.06,Text23,R1,GRA
76,76,80.26,-4.26,29.27,-0.79,1,-3.74,0.58,-0.15,1,83,23,1,5,0.63,0,0.05,Text23,R1,HOL
50,50,48.04,1.96,22.57,0.41,1,-1.44,-0.69,0.09,1,50,3,2,1,-0.7,0,-0.01,Text3,R2,TR
43,43,46.33,-3.33,23.73,-0.68,1,-1.37,-0.77,-0.14,1,43,3,2,2,-0.7,0,0.07,Text3,R2,CC
43,43,51.44,-8.44,18.46,-1.96,1,-2.81,-0.53,-0.46,1,53,3,2,3,-0.7,0,-0.17,Text3,R2,LR
37,37,46.42,-9.42,23.7,-1.94,1,-3.89,-0.76,-0.4,1,43,3,2,4,-0.7,0,0.06,Text3,R2,GRA
37,37,46.7,-9.7,23.61,-2,1,-4,-0.75,-0.41,1,43,3,2,5,-0.7,0,0.05,Text3,R2,HOL
73,73,71.47,1.53,28.09,0.29,1,-1.09,0.27,0.05,1,73,16,2,1,0.27,0,-0.01,Text16,R2,TR
67,67,69.39,-2.39,28.73,-0.45,1,-1.85,0.2,-0.08,1,73,16,2,2,0.27,0,0.07,Text16,R2,CC
77,77,76.21,0.79,29.1,0.15,1,-1.79,0.44,0.03,1,73,16,2,3,0.27,0,-0.17,Text16,R2,LR
73,73,69.5,3.5,28.71,0.65,1,-1.26,0.2,0.12,1,73,16,2,4,0.27,0,0.06,Text16,R2,GRA
78,78,69.83,8.17,28.62,1.53,1,-5.28,0.22,0.29,1,73,16,2,5,0.27,0,0.05,Text16,R2,HOL
87,87,86.61,0.39,24.45,0.08,1,-1.52,0.81,0.02,1,83,26,2,1,0.81,0,-0.01,Text26,R2,TR
83,83,84.76,-1.76,25.9,-0.35,1,-1.12,0.74,-0.07,1,83,26,2,2,0.81,0,0.07,Text26,R2,CC
87,87,90.27,-3.27,18.41,-0.76,1,-1.77,0.98,-0.18,1,93,26,2,3,0.81,0,-0.17,Text26,R2,LR
83,83,84.86,-1.86,25.83,-0.37,1,-1.13,0.74,-0.07,1,83,26,2,4,0.81,0,0.06,Text26,R2,GRA
90,90,85.16,4.84,25.61,0.96,1,-2.43,0.76,0.19,1,83,26,2,5,0.81,0,0.05,Text26,R2,HOL
53,53,50.57,2.43,19.2,0.56,1,-1.08,-0.57,0.13,1,53,9,3,1,-0.58,0,-0.01,Text9,R3,TR
43,43,49.09,-6.09,21.22,-1.32,1,-1.94,-0.65,-0.29,1,53,9,3,2,-0.58,0,0.07,Text9,R3,CC
53,53,53.72,-0.72,19.93,-0.16,1,-0.93,-0.4,-0.04,1,53,9,3,3,-0.58,0,-0.17,Text9,R3,LR
43,43,49.17,-6.17,21.1,-1.34,1,-1.96,-0.64,-0.29,1,53,9,3,4,-0.58,0,0.06,Text9,R3,GRA
44,44,49.41,-5.41,20.76,-1.19,1,-5.35,-0.63,-0.26,1,53,9,3,5,-0.58,0,0.05,Text9,R3,HOL
53,53,62.76,-9.76,26.2,-1.91,1,-2.78,-0.04,-0.37,1,63,12,3,1,-0.05,0,-0.01,Text12,R3,TR
57,57,60.84,-3.84,26.29,-0.75,1,-2.24,-0.11,-0.15,1,63,12,3,2,-0.05,0,0.07,Text12,R3,CC
63,63,67.35,-4.35,28.62,-0.81,1,-1.4,0.13,-0.15,1,63,12,3,3,-0.05,0,-0.17,Text12,R3,LR
63,63,60.94,2.06,26.27,0.4,1,-1.14,-0.11,0.08,1,63,12,3,4,-0.05,0,0.06,Text12,R3,GRA
56,56,61.25,-5.25,26.22,-1.02,1,-4.62,-0.1,-0.2,1,63,12,3,5,-0.05,0,0.05,Text12,R3,HOL
83,83,80.02,2.98,29.4,0.55,1,-1.22,0.57,0.1,1,83,33,3,1,0.56,0,-0.01,Text33,R3,TR
83,83,77.85,5.15,29.71,0.95,1,-1.51,0.5,0.17,1,73,33,3,2,0.56,0,0.07,Text33,R3,CC
83,83,84.67,-1.67,25.97,-0.33,1,-1.12,0.74,-0.06,1,83,33,3,3,0.56,0,-0.17,Text33,R3,LR
83,83,77.96,5.04,29.73,0.92,1,-1.5,0.5,0.17,1,73,33,3,4,0.56,0,0.06,Text33,R3,GRA
88,88,78.3,9.7,29.77,1.78,1,-6.29,0.51,0.33,1,83,33,3,5,0.56,0,0.05,Text33,R3,HOL
40,40,46.64,-6.64,23.63,-1.37,1,-2.35,-0.75,-0.28,1,43,5,4,1,-0.76,0,-0.01,Text5,R4,TR
43,43,44.91,-1.91,23.57,-0.39,1,-1.21,-0.83,-0.08,1,43,5,4,2,-0.76,0,0.07,Text5,R4,CC
40,40,50.3,-10.3,19.52,-2.33,1,-3.78,-0.59,-0.53,1,53,5,4,3,-0.76,0,-0.17,Text5,R4,LR
40,40,44.99,-4.99,23.61,-1.03,1,-1.94,-0.82,-0.21,1,43,5,4,4,-0.76,0,0.06,Text5,R4,GRA
39,39,45.27,-6.27,23.7,-1.29,1,-4.68,-0.81,-0.26,1,43,5,4,5,-0.76,0,0.05,Text5,R4,HOL
73,73,65.09,7.91,27.33,1.51,1,-2.15,0.05,0.29,1,63,13,4,1,0.04,0,-0.01,Text13,R4,TR
73,73,63.13,9.87,26.29,1.93,1,-2.8,-0.03,0.38,1,63,13,4,2,0.04,0,0.07,Text13,R4,CC
70,70,69.85,0.15,28.62,0.03,1,-2.13,0.22,0.01,1,73,13,4,3,0.04,0,-0.17,Text13,R4,LR
70,70,63.23,6.77,26.32,1.32,1,-2.97,-0.02,0.26,1,63,13,4,4,0.04,0,0.06,Text13,R4,GRA
65,65,63.53,1.47,26.44,0.29,1,-3.31,-0.01,0.06,1,63,13,4,5,0.04,0,0.05,Text13,R4,HOL
83,83,76.15,6.85,29.08,1.27,1,-1.86,0.44,0.24,1,73,29,4,1,0.43,0,-0.01,Text29,R4,TR
83,83,74.07,8.93,28.07,1.69,1,-2.44,0.37,0.32,1,73,29,4,2,0.43,0,0.07,Text29,R4,CC
83,83,81.1,1.9,28.76,0.35,1,-1.13,0.61,0.07,1,83,29,4,3,0.43,0,-0.17,Text29,R4,LR
83,83,74.17,8.83,28.11,1.67,1,-2.4,0.37,0.31,1,73,29,4,4,0.43,0,0.06,Text29,R4,GRA
81,81,74.5,6.5,28.24,1.22,1,-4.05,0.38,0.23,1,73,29,4,5,0.43,0,0.05,Text29,R4,HOL
43,43,51.78,-8.78,18.35,-2.05,1,-2.97,-0.51,-0.48,1,53,6,5,1,-0.51,0,-0.01,Text6,R5,TR
53,53,50.41,2.59,19.38,0.59,1,-1.1,-0.58,0.13,1,53,6,5,2,-0.51,0,0.07,Text6,R5,CC
53,53,55.09,-2.09,22.37,-0.44,1,-1.02,-0.34,-0.09,1,53,6,5,3,-0.51,0,-0.17,Text6,R5,LR
50,50,50.49,-0.49,19.29,-0.11,1,-1.35,-0.58,-0.03,1,53,6,5,4,-0.51,0,0.06,Text6,R5,GRA
45,45,50.71,-5.71,19.04,-1.31,1,-3.51,-0.56,-0.3,1,53,6,5,5,-0.51,0,0.05,Text6,R5,HOL
73,73,66.61,6.39,28.3,1.2,1,-1.76,0.1,0.23,1,63,11,5,1,0.1,0,-0.01,Text11,R5,TR
60,60,64.59,-4.59,27,-0.88,1,-2.14,0.03,-0.17,1,63,11,5,2,0.1,0,0.07,Text11,R5,CC
63,63,71.41,-8.41,28.11,-1.59,1,-2.31,0.27,-0.3,1,73,11,5,3,0.1,0,-0.17,Text11,R5,LR
60,60,64.69,-4.69,27.07,-0.9,1,-2.16,0.03,-0.17,1,63,11,5,4,0.1,0,0.06,Text11,R5,GRA
54,54,65,-11,27.28,-2.11,1,-6.84,0.04,-0.4,1,63,11,5,5,0.1,0,0.05,Text11,R5,HOL
83,83,83.25,-0.25,27.06,-0.05,1,-1.06,0.68,-0.01,1,83,27,5,1,0.68,0,-0.01,Text27,R5,TR
63,63,81.21,-18.21,28.67,-3.4,1,-6.81,0.61,-0.64,1,83,27,5,2,0.68,0,0.07,Text27,R5,CC
87,87,87.51,-0.51,23.51,-0.11,1,-1.52,0.85,-0.02,1,83,27,5,3,0.68,0,-0.17,Text27,R5,LR
70,70,81.32,-11.32,28.6,-2.12,1,-4.34,0.61,-0.4,1,83,27,5,4,0.68,0,0.06,Text27,R5,GRA
75,75,81.65,-6.65,28.35,-1.25,1,-4.89,0.63,-0.23,1,83,27,5,5,0.68,0,0.05,Text27,R5,HOL
43,43,49.25,-6.25,21,-1.36,1,-1.99,-0.64,-0.3,1,53,2,6,1,-0.64,0,-0.01,Text2,R6,TR
53,53,47.63,5.37,22.98,1.12,1,-1.61,-0.71,0.23,1,50,2,6,2,-0.64,0,0.07,Text2,R6,CC
53,53,52.46,0.54,18.5,0.13,1,-0.93,-0.47,0.03,1,53,2,6,3,-0.64,0,-0.17,Text2,R6,LR
43,43,47.72,-4.72,22.89,-0.99,1,-1.6,-0.71,-0.21,1,50,2,6,4,-0.64,0,0.06,Text2,R6,GRA
45,45,47.98,-2.98,22.63,-0.63,1,-2.93,-0.7,-0.13,1,50,2,6,5,-0.64,0,0.05,Text2,R6,HOL
63,63,67.3,-4.3,28.6,-0.8,1,-1.39,0.13,-0.15,1,63,14,6,1,0.12,0,-0.01,Text14,R6,TR
63,63,65.25,-2.25,27.44,-0.43,1,-1.15,0.05,-0.08,1,63,14,6,2,0.12,0,0.07,Text14,R6,CC
63,63,72.09,-9.09,27.94,-1.72,1,-2.52,0.29,-0.33,1,73,14,6,3,0.12,0,-0.17,Text14,R6,LR
63,63,65.35,-2.35,27.51,-0.45,1,-1.16,0.06,-0.09,1,63,14,6,4,0.12,0,0.06,Text14,R6,GRA
60,60,65.67,-5.67,27.73,-1.08,1,-2.35,0.07,-0.2,1,63,14,6,5,0.12,0,0.05,Text14,R6,HOL
73,73,86.16,-13.16,24.85,-2.64,1,-4.18,0.8,-0.53,1,83,30,6,1,0.79,0,-0.01,Text30,R6,TR
83,83,84.29,-1.29,26.26,-0.25,1,-1.09,0.72,-0.05,1,83,30,6,2,0.79,0,0.07,Text30,R6,CC
83,83,89.92,-6.92,19.26,-1.58,1,-2.12,0.96,-0.36,1,93,30,6,3,0.79,0,-0.17,Text30,R6,LR
83,83,84.39,-1.39,26.18,-0.27,1,-1.1,0.73,-0.05,1,83,30,6,4,0.79,0,0.06,Text30,R6,GRA
76,76,84.69,-8.69,25.96,-1.71,1,-4.78,0.74,-0.33,1,83,30,6,5,0.79,0,0.05,Text30,R6,HOL
53,53,49.47,3.53,20.67,0.78,1,-1.24,-0.63,0.17,1,53,4,7,1,-0.63,0,-0.01,Text4,R7,TR
43,43,47.88,-4.88,22.74,-1.02,1,-1.64,-0.7,-0.21,1,50,4,7,2,-0.63,0,0.07,Text4,R7,CC
43,43,52.66,-9.66,18.64,-2.24,1,-3.41,-0.46,-0.52,1,53,4,7,3,-0.63,0,-0.17,Text4,R7,LR
47,47,47.97,-0.97,22.65,-0.2,1,-2.15,-0.7,-0.04,1,50,4,7,4,-0.63,0,0.06,Text4,R7,GRA
48,48,48.23,-0.23,22.35,-0.05,1,-3.48,-0.68,-0.01,1,50,4,7,5,-0.63,0,0.05,Text4,R7,HOL
67,67,63.9,3.1,26.6,0.6,1,-1.92,0,0.12,1,63,18,7,1,0,0,-0.01,Text18,R7,TR
63,63,61.97,1.03,26.14,0.2,1,-1.08,-0.07,0.04,1,63,18,7,2,0,0,0.07,Text18,R7,CC
73,73,68.58,4.42,28.82,0.82,1,-1.39,0.17,0.15,1,73,18,7,3,0,0,-0.17,Text18,R7,LR
63,63,62.07,0.93,26.14,0.18,1,-1.08,-0.07,0.04,1,63,18,7,4,0,0,0.06,Text18,R7,GRA
68,68,62.37,5.63,26.15,1.1,1,-4.71,-0.05,0.22,1,63,18,7,5,0,0,0.05,Text18,R7,HOL
83,83,85.5,-2.5,25.36,-0.5,1,-1.18,0.77,-0.1,1,83,21,7,1,0.76,0,-0.01,Text21,R7,TR
83,83,83.59,-0.59,26.79,-0.11,1,-1.07,0.7,-0.02,1,83,21,7,2,0.76,0,0.07,Text21,R7,CC
87,87,89.4,-2.4,20.43,-0.53,1,-1.65,0.94,-0.12,1,93,21,7,3,0.76,0,-0.17,Text21,R7,LR
83,83,83.69,-0.69,26.71,-0.13,1,-1.07,0.7,-0.03,1,83,21,7,4,0.76,0,0.06,Text21,R7,GRA
90,90,84,6,26.48,1.17,1,-2.67,0.71,0.23,1,83,21,7,5,0.76,0,0.05,Text21,R7,HOL
60,60,47.94,12.06,22.68,2.53,1,-5.27,-0.7,0.53,1,50,31,8,2,-0.63,0,0.07,Text31,R8,CC
60,60,52.71,7.29,18.68,1.69,1,-2.96,-0.46,0.39,1,53,31,8,3,-0.63,0,-0.17,Text31,R8,LR
57,57,48.02,8.98,22.59,1.89,1,-3.96,-0.69,0.4,1,50,31,8,4,-0.63,0,0.06,Text31,R8,GRA
55,55,48.28,6.72,22.29,1.42,1,-4.55,-0.68,0.3,1,50,31,8,5,-0.63,0,0.05,Text31,R8,HOL
87,87,69.47,17.53,28.71,3.27,1,-6.92,0.2,0.61,1,73,19,8,1,0.2,0,-0.01,Text19,R8,TR
80,80,67.36,12.64,28.62,2.36,1,-5.12,0.13,0.44,1,63,19,8,2,0.2,0,0.07,Text19,R8,CC
77,77,74.19,2.81,28.12,0.53,1,-1.92,0.37,0.1,1,73,19,8,3,0.2,0,-0.17,Text19,R8,LR
67,67,67.47,-0.47,28.66,-0.09,1,-1.75,0.13,-0.02,1,63,19,8,4,0.2,0,0.06,Text19,R8,GRA
71,71,67.8,3.2,28.74,0.6,1,-3.61,0.14,0.11,1,63,19,8,5,0.2,0,0.05,Text19,R8,HOL
87,87,79.03,7.97,29.72,1.46,1,-2.64,0.54,0.27,1,83,22,8,1,0.53,0,-0.01,Text22,R8,TR
80,80,76.86,3.14,29.41,0.58,1,-2.48,0.46,0.11,1,73,22,8,2,0.53,0,0.07,Text22,R8,CC
90,90,83.8,6.2,26.63,1.2,1,-2.72,0.7,0.23,1,83,22,8,3,0.53,0,-0.17,Text22,R8,LR
87,87,76.97,10.03,29.45,1.85,1,-3.27,0.47,0.34,1,73,22,8,4,0.53,0,0.06,Text22,R8,GRA
81,81,77.31,3.69,29.58,0.68,1,-3.56,0.48,0.12,1,73,22,8,5,0.53,0,0.05,Text22,R8,HOL
53,53,51.27,1.73,18.55,0.4,1,-1,-0.53,0.09,1,53,7,9,1,-0.54,0,-0.01,Text7,R9,TR
53,53,49.87,3.13,20.11,0.7,1,-1.18,-0.61,0.16,1,53,7,9,2,-0.54,0,0.07,Text7,R9,CC
53,53,54.49,-1.49,21.27,-0.32,1,-0.97,-0.37,-0.07,1,53,7,9,3,-0.54,0,-0.17,Text7,R9,LR
43,43,49.94,-6.94,20,-1.55,1,-2.21,-0.6,-0.35,1,53,7,9,4,-0.54,0,0.06,Text7,R9,GRA
50,50,50.17,-0.17,19.69,-0.04,1,-1.35,-0.59,-0.01,1,53,7,9,5,-0.54,0,0.05,Text7,R9,HOL
63,63,65.33,-2.33,27.49,-0.44,1,-1.16,0.06,-0.08,1,63,32,9,1,0.05,0,-0.01,Text32,R9,TR
63,63,63.36,-0.36,26.37,-0.07,1,-1.06,-0.02,-0.01,1,63,32,9,2,0.05,0,0.07,Text32,R9,CC
53,53,70.11,-17.11,28.54,-3.2,1,-6.3,0.22,-0.6,1,73,32,9,3,0.05,0,-0.17,Text32,R9,LR
53,53,63.46,-10.46,26.41,-2.04,1,-3.04,-0.01,-0.4,1,63,32,9,4,0.05,0,0.06,Text32,R9,GRA
50,50,63.77,-13.77,26.54,-2.67,1,-5.16,0,-0.52,1,63,32,9,5,0.05,0,0.05,Text32,R9,HOL
83,83,83.58,-0.58,26.8,-0.11,1,-1.07,0.7,-0.02,1,83,24,9,1,0.69,0,-0.01,Text24,R9,TR
83,83,81.56,1.44,28.42,0.27,1,-1.1,0.62,0.05,1,83,24,9,2,0.69,0,0.07,Text24,R9,CC
73,73,87.79,-14.79,23.15,-3.07,1,-5.13,0.86,-0.64,1,87,24,9,3,0.69,0,-0.17,Text24,R9,LR
83,83,81.67,1.33,28.34,0.25,1,-1.09,0.63,0.05,1,83,24,9,4,0.69,0,0.06,Text24,R9,GRA
80,80,81.99,-1.99,28.08,-0.38,1,-2.39,0.64,-0.07,1,83,24,9,5,0.69,0,0.05,Text24,R9,HOL
57,57,53.04,3.96,19.01,0.91,1,-2.33,-0.44,0.21,1,53,8,10,1,-0.45,0,-0.01,Text8,R10,TR
57,57,51.69,5.31,18.37,1.24,1,-2.67,-0.51,0.29,1,53,8,10,2,-0.45,0,0.07,Text8,R10,CC
60,60,56.7,3.3,24.9,0.66,1,-1.96,-0.27,0.13,1,53,8,10,3,-0.45,0,-0.17,Text8,R10,LR
50,50,51.76,-1.76,18.36,-0.41,1,-1.43,-0.51,-0.1,1,53,8,10,4,-0.45,0,0.06,Text8,R10,GRA
52,52,51.97,0.03,18.35,0.01,1,-5.24,-0.5,0,1,53,8,10,5,-0.45,0,0.05,Text8,R10,HOL
63,63,64.13,-1.13,26.73,-0.22,1,-1.08,0.01,-0.04,1,63,17,10,1,0.01,0,-0.01,Text17,R10,TR
63,63,62.2,0.8,26.14,0.16,1,-1.07,-0.06,0.03,1,63,17,10,2,0.01,0,0.07,Text17,R10,CC
73,73,68.84,4.16,28.81,0.78,1,-1.35,0.18,0.14,1,73,17,10,3,0.01,0,-0.17,Text17,R10,LR
67,67,62.3,4.7,26.15,0.92,1,-2.16,-0.06,0.18,1,63,17,10,4,0.01,0,0.06,Text17,R10,GRA
64,64,62.6,1.4,26.18,0.27,1,-4.55,-0.05,0.05,1,63,17,10,5,0.01,0,0.05,Text17,R10,HOL
80,80,76.03,3.97,29.01,0.74,1,-2.58,0.43,0.14,1,73,25,10,1,0.43,0,-0.01,Text25,R10,TR
77,77,73.95,3.05,28.04,0.58,1,-1.94,0.36,0.11,1,73,25,10,2,0.43,0,0.07,Text25,R10,CC
80,80,80.98,-0.98,28.84,-0.18,1,-2.33,0.6,-0.03,1,83,25,10,3,0.43,0,-0.17,Text25,R10,LR
77,77,74.06,2.94,28.07,0.56,1,-1.93,0.37,0.1,1,73,25,10,4,0.43,0,0.06,Text25,R10,GRA
71,71,74.38,-3.38,28.19,-0.64,1,-3.64,0.38,-0.12,1,73,25,10,5,0.43,0,0.05,Text25,R10,HOL
53,53,49.36,3.64,20.84,0.8,1,-1.26,-0.63,0.17,1,53,1,11,1,-0.64,0,-0.01,Text1,R11,TR
47,47,47.76,-0.76,22.86,-0.16,1,-2.14,-0.71,-0.03,1,50,1,11,2,-0.64,0,0.07,Text1,R11,CC
53,53,52.56,0.44,18.57,0.1,1,-0.92,-0.46,0.02,1,53,1,11,3,-0.64,0,-0.17,Text1,R11,LR
50,50,47.84,2.16,22.77,0.45,1,-1.45,-0.7,0.09,1,50,1,11,4,-0.64,0,0.06,Text1,R11,GRA
45,45,48.1,-3.1,22.5,-0.65,1,-2.95,-0.69,-0.14,1,50,1,11,5,-0.64,0,0.05,Text1,R11,HOL
63,63,59.31,3.69,26.48,0.72,1,-1.32,-0.17,0.14,1,63,20,11,1,-0.18,0,-0.01,Text20,R11,TR
63,63,57.39,5.61,25.64,1.11,1,-1.66,-0.24,0.22,1,53,20,11,2,-0.18,0,0.07,Text20,R11,CC
67,67,63.73,3.27,26.52,0.64,1,-1.95,0,0.12,1,63,20,11,3,-0.18,0,-0.17,Text20,R11,LR
63,63,57.49,5.51,25.73,1.09,1,-1.64,-0.24,0.21,1,53,20,11,4,-0.18,0,0.06,Text20,R11,GRA
61,61,57.79,3.21,25.96,0.63,1,-4.28,-0.23,0.12,1,53,20,11,5,-0.18,0,0.05,Text20,R11,HOL
73,73,72.02,0.98,27.95,0.18,1,-1.06,0.29,0.03,1,73,28,11,1,0.29,0,-0.01,Text28,R11,TR
73,73,69.96,3.04,28.59,0.57,1,-1.21,0.22,0.11,1,73,28,11,2,0.29,0,0.07,Text28,R11,CC
83,83,76.78,6.22,29.38,1.15,1,-1.72,0.46,0.21,1,73,28,11,3,0.29,0,-0.17,Text28,R11,LR
73,73,70.06,2.94,28.55,0.55,1,-1.2,0.22,0.1,1,73,28,11,4,0.29,0,0.06,Text28,R11,GRA
76,76,70.39,5.61,28.45,1.05,1,-3.99,0.23,0.2,1,73,28,11,5,0.29,0,0.05,Text28,R11,HOL
60,60,51.25,8.75,18.57,2.03,1,-3.59,-0.54,0.47,1,53,10,12,1,-0.54,0,-0.01,Text10,R12,TR
50,50,49.84,0.16,20.15,0.04,1,-1.35,-0.61,0.01,1,53,10,12,2,-0.54,0,0.07,Text10,R12,CC
63,63,54.46,8.54,21.21,1.85,1,-2.54,-0.37,0.4,1,53,10,12,3,-0.54,0,-0.17,Text10,R12,LR
47,47,49.91,-2.91,20.04,-0.65,1,-2.33,-0.61,-0.15,1,53,10,12,4,-0.54,0,0.06,Text10,R12,GRA
58,58,50.14,7.86,19.73,1.77,1,-5.64,-0.59,0.4,1,53,10,12,5,-0.54,0,0.05,Text10,R12,HOL
67,67,65.33,1.67,27.49,0.32,1,-1.8,0.06,0.06,1,63,32,12,1,0.05,0,-0.01,Text32,R12,TR
63,63,63.36,-0.36,26.37,-0.07,1,-1.06,-0.02,-0.01,1,63,32,12,2,0.05,0,0.07,Text32,R12,CC
67,67,70.11,-3.11,28.54,-0.58,1,-1.92,0.22,-0.11,1,73,32,12,3,0.05,0,-0.17,Text32,R12,LR
57,57,63.46,-6.46,26.41,-1.26,1,-2.75,-0.01,-0.24,1,63,32,12,4,0.05,0,0.06,Text32,R12,GRA
61,61,63.77,-2.77,26.54,-0.54,1,-4.23,0,-0.1,1,63,32,12,5,0.05,0,0.05,Text32,R12,HOL
67,67,72.02,-5.02,27.95,-0.95,1,-2.19,0.29,-0.18,1,73,28,12,1,0.29,0,-0.01,Text28,R12,TR
83,83,69.96,13.04,28.59,2.44,1,-4.04,0.22,0.46,1,73,28,12,2,0.29,0,0.07,Text28,R12,CC
83,83,76.78,6.22,29.38,1.15,1,-1.72,0.46,0.21,1,73,28,12,3,0.29,0,-0.17,Text28,R12,LR
83,83,70.06,12.94,28.55,2.42,1,-4,0.22,0.45,1,73,28,12,4,0.29,0,0.06,Text28,R12,GRA
78,78,70.39,7.61,28.45,1.43,1,-5.12,0.23,0.27,1,73,28,12,5,0.29,0,0.05,Text28,R12,HOL
43,43,53.04,-10.04,19.01,-2.3,1,-3.61,-0.44,-0.53,1,53,8,13,1,-0.45,0,-0.01,Text8,R13,TR
40,40,51.69,-11.69,18.37,-2.73,1,-4.59,-0.51,-0.64,1,53,8,13,2,-0.45,0,0.07,Text8,R13,CC
53,53,56.7,-3.7,24.9,-0.74,1,-1.22,-0.27,-0.15,1,53,8,13,3,-0.45,0,-0.17,Text8,R13,LR
53,53,51.76,1.24,18.36,0.29,1,-0.96,-0.51,0.07,1,53,8,13,4,-0.45,0,0.06,Text8,R13,GRA
50,50,51.97,-1.97,18.35,-0.46,1,-1.45,-0.5,-0.11,1,53,8,13,5,-0.45,0,0.05,Text8,R13,HOL
73,73,69.47,3.53,28.71,0.66,1,-1.26,0.2,0.12,1,73,19,13,1,0.2,0,-0.01,Text19,R13,TR
73,73,67.36,5.64,28.62,1.05,1,-1.6,0.13,0.2,1,63,19,13,2,0.2,0,0.07,Text19,R13,CC
67,67,74.19,-7.19,28.12,-1.36,1,-2.67,0.37,-0.26,1,73,19,13,3,0.2,0,-0.17,Text19,R13,LR
60,60,67.47,-7.47,28.66,-1.4,1,-2.76,0.13,-0.26,1,63,19,13,4,0.2,0,0.06,Text19,R13,GRA
60,60,67.8,-7.8,28.74,-1.46,1,-2.85,0.14,-0.27,1,63,19,13,5,0.2,0,0.05,Text19,R13,HOL
73,73,86.61,-13.61,24.45,-2.75,1,-4.43,0.81,-0.56,1,83,26,13,1,0.81,0,-0.01,Text26,R13,TR
73,73,84.76,-11.76,25.9,-2.31,1,-3.5,0.74,-0.45,1,83,26,13,2,0.81,0,0.07,Text26,R13,CC
77,77,90.27,-13.27,18.41,-3.09,1,-5.43,0.98,-0.72,1,93,26,13,3,0.81,0,-0.17,Text26,R13,LR
53,53,51.25,1.75,18.57,0.41,1,-1,-0.54,0.09,1,53,10,14,1,-0.54,0,-0.01,Text10,R14,TR
57,57,49.84,7.16,20.15,1.6,1,-3.28,-0.61,0.36,1,53,10,14,2,-0.54,0,0.07,Text10,R14,CC
60,60,54.46,5.54,21.21,1.2,1,-2.39,-0.37,0.26,1,53,10,14,3,-0.54,0,-0.17,Text10,R14,LR
53,53,49.91,3.09,20.04,0.69,1,-1.17,-0.61,0.15,1,53,10,14,4,-0.54,0,0.06,Text10,R14,GRA
55,55,50.14,4.86,19.73,1.09,1,-4.04,-0.59,0.25,1,53,10,14,5,-0.54,0,0.05,Text10,R14,HOL
73,73,62.76,10.24,26.2,2,1,-2.94,-0.04,0.39,1,63,12,14,1,-0.05,0,-0.01,Text12,R14,TR
73,73,60.84,12.16,26.29,2.37,1,-3.76,-0.11,0.46,1,63,12,14,2,-0.05,0,0.07,Text12,R14,CC
73,73,67.35,5.65,28.62,1.06,1,-1.6,0.13,0.2,1,63,12,14,3,-0.05,0,-0.17,Text12,R14,LR
73,73,60.94,12.06,26.27,2.35,1,-3.72,-0.11,0.46,1,63,12,14,4,-0.05,0,0.06,Text12,R14,GRA
70,70,61.25,8.75,26.22,1.71,1,-3.55,-0.1,0.33,1,63,12,14,5,-0.05,0,0.05,Text12,R14,HOL
83,83,81.93,1.07,28.13,0.2,1,-1.08,0.64,0.04,1,83,23,14,1,0.63,0,-0.01,Text23,R14,TR
80,80,79.81,0.19,29.49,0.03,1,-2.32,0.56,0.01,1,83,23,14,2,0.63,0,0.07,Text23,R14,CC
87,87,86.35,0.65,24.68,0.13,1,-1.52,0.8,0.03,1,83,23,14,3,0.63,0,-0.17,Text23,R14,LR
83,83,79.93,3.07,29.44,0.57,1,-1.23,0.57,0.1,1,83,23,14,4,0.63,0,0.06,Text23,R14,GRA
81,81,80.26,0.74,29.27,0.14,1,-3.34,0.58,0.03,1,83,23,14,5,0.63,0,0.05,Text23,R14,HOL
50,50,46.64,3.36,23.63,0.69,1,-1.6,-0.75,0.14,1,43,5,15,1,-0.76,0,-0.01,Text5,R15,TR
53,53,44.91,8.09,23.57,1.67,1,-2.39,-0.83,0.34,1,43,5,15,2,-0.76,0,0.07,Text5,R15,CC
53,53,50.3,2.7,19.52,0.61,1,-1.11,-0.59,0.14,1,53,5,15,3,-0.76,0,-0.17,Text5,R15,LR
50,50,44.99,5.01,23.61,1.03,1,-1.89,-0.82,0.21,1,43,5,15,4,-0.76,0,0.06,Text5,R15,GRA
50,50,45.27,4.73,23.7,0.97,1,-1.83,-0.81,0.2,1,43,5,15,5,-0.76,0,0.05,Text5,R15,HOL
73,73,67.3,5.7,28.6,1.07,1,-1.61,0.13,0.2,1,63,14,15,1,0.12,0,-0.01,Text14,R15,TR
63,63,65.25,-2.25,27.44,-0.43,1,-1.15,0.05,-0.08,1,63,14,15,2,0.12,0,0.07,Text14,R15,CC
63,63,72.09,-9.09,27.94,-1.72,1,-2.52,0.29,-0.33,1,73,14,15,3,0.12,0,-0.17,Text14,R15,LR
67,67,65.35,1.65,27.51,0.31,1,-1.8,0.06,0.06,1,63,14,15,4,0.12,0,0.06,Text14,R15,GRA
63,63,65.67,-2.67,27.73,-0.51,1,-1.19,0.07,-0.1,1,63,14,15,5,0.12,0,0.05,Text14,R15,HOL
77,77,79.03,-2.03,29.72,-0.37,1,-1.85,0.54,-0.07,1,83,22,15,1,0.53,0,-0.01,Text22,R15,TR
77,77,76.86,0.14,29.41,0.03,1,-1.78,0.46,0,1,73,22,15,2,0.53,0,0.07,Text22,R15,CC
77,77,83.8,-6.8,26.63,-1.32,1,-2.6,0.7,-0.26,1,83,22,15,3,0.53,0,-0.17,Text22,R15,LR
73,73,76.97,-3.97,29.45,-0.73,1,-1.32,0.47,-0.13,1,73,22,15,4,0.53,0,0.06,Text22,R15,GRA
74,74,77.31,-3.31,29.58,-0.61,1,-4.32,0.48,-0.11,1,73,22,15,5,0.53,0,0.05,Text22,R15,HOL
43,43,50.57,-7.57,19.2,-1.73,1,-2.44,-0.57,-0.39,1,53,9,16,1,-0.58,0,-0.01,Text9,R16,TR
50,50,49.09,0.91,21.22,0.2,1,-1.37,-0.65,0.04,1,53,9,16,2,-0.58,0,0.07,Text9,R16,CC
53,53,53.72,-0.72,19.93,-0.16,1,-0.93,-0.4,-0.04,1,53,9,16,3,-0.58,0,-0.17,Text9,R16,LR
43,43,49.17,-6.17,21.1,-1.34,1,-1.96,-0.64,-0.29,1,53,9,16,4,-0.58,0,0.06,Text9,R16,GRA
45,45,49.41,-4.41,20.76,-0.97,1,-3.18,-0.63,-0.21,1,53,9,16,5,-0.58,0,0.05,Text9,R16,HOL
63,63,64.13,-1.13,26.73,-0.22,1,-1.08,0.01,-0.04,1,63,17,16,1,0.01,0,-0.01,Text17,R16,TR
53,53,62.2,-9.2,26.14,-1.8,1,-2.57,-0.06,-0.35,1,63,17,16,2,0.01,0,0.07,Text17,R16,CC
63,63,68.84,-5.84,28.81,-1.09,1,-1.66,0.18,-0.2,1,73,17,16,3,0.01,0,-0.17,Text17,R16,LR
53,53,62.3,-9.3,26.15,-1.82,1,-2.61,-0.06,-0.36,1,63,17,16,4,0.01,0,0.06,Text17,R16,GRA
55,55,62.6,-7.6,26.18,-1.49,1,-4.52,-0.05,-0.29,1,63,17,16,5,0.01,0,0.05,Text17,R16,HOL
80,80,83.25,-3.25,27.06,-0.63,1,-2.51,0.68,-0.12,1,83,27,16,1,0.68,0,-0.01,Text27,R16,TR
80,80,81.21,-1.21,28.67,-0.23,1,-2.34,0.61,-0.04,1,83,27,16,2,0.68,0,0.07,Text27,R16,CC
83,83,87.51,-4.51,23.51,-0.93,1,-1.47,0.85,-0.19,1,83,27,16,3,0.68,0,-0.17,Text27,R16,LR
83,83,81.32,1.68,28.6,0.31,1,-1.11,0.61,0.06,1,83,27,16,4,0.68,0,0.06,Text27,R16,GRA
78,78,81.65,-3.65,28.35,-0.69,1,-4.33,0.63,-0.13,1,83,27,16,5,0.68,0,0.05,Text27,R16,HOL
40,40,49.47,-9.47,20.67,-2.08,1,-3.37,-0.63,-0.46,1,53,4,17,1,-0.63,0,-0.01,Text4,R17,TR
50,50,47.88,2.12,22.74,0.44,1,-1.45,-0.7,0.09,1,50,4,17,2,-0.63,0,0.07,Text4,R17,CC
60,60,52.66,7.34,18.64,1.7,1,-2.98,-0.46,0.39,1,53,4,17,3,-0.63,0,-0.17,Text4,R17,LR
47,47,47.97,-0.97,22.65,-0.2,1,-2.15,-0.7,-0.04,1,50,4,17,4,-0.63,0,0.06,Text4,R17,GRA
41,41,48.23,-7.23,22.35,-1.53,1,-5.35,-0.68,-0.32,1,50,4,17,5,-0.63,0,0.05,Text4,R17,HOL
63,63,71.47,-8.47,28.09,-1.6,1,-2.33,0.27,-0.3,1,73,16,17,1,0.27,0,-0.01,Text16,R17,TR
53,53,69.39,-16.39,28.73,-3.06,1,-5.89,0.2,-0.57,1,73,16,17,2,0.27,0,0.07,Text16,R17,CC
67,67,76.21,-9.21,29.1,-1.71,1,-3.24,0.44,-0.32,1,73,16,17,3,0.27,0,-0.17,Text16,R17,LR
57,57,69.5,-12.5,28.71,-2.33,1,-4.79,0.2,-0.44,1,73,16,17,4,0.27,0,0.06,Text16,R17,GRA
57,57,69.83,-12.83,28.62,-2.4,1,-4.94,0.22,-0.45,1,73,16,17,5,0.27,0,0.05,Text16,R17,HOL
70,70,85.5,-15.5,25.36,-3.08,1,-6.42,0.77,-0.61,1,83,21,17,1,0.76,0,-0.01,Text21,R17,TR
73,73,83.59,-10.59,26.79,-2.05,1,-3,0.7,-0.4,1,83,21,17,2,0.76,0,0.07,Text21,R17,CC
87,87,89.4,-2.4,20.43,-0.53,1,-1.65,0.94,-0.12,1,93,21,17,3,0.76,0,-0.17,Text21,R17,LR
70,70,83.69,-13.69,26.71,-2.65,1,-5.41,0.7,-0.51,1,83,21,17,4,0.76,0,0.06,Text21,R17,GRA
75,75,84,-9,26.48,-1.75,1,-5.56,0.71,-0.34,1,83,21,17,5,0.76,0,0.05,Text21,R17,HOL
63,63,50.41,12.59,19.38,2.86,1,-4.79,-0.58,0.65,1,53,6,18,2,-0.51,0,0.07,Text6,R18,CC
63,63,55.09,7.91,22.37,1.67,1,-2.3,-0.34,0.35,1,53,6,18,3,-0.51,0,-0.17,Text6,R18,LR
53,53,50.49,2.51,19.29,0.57,1,-1.09,-0.58,0.13,1,53,6,18,4,-0.51,0,0.06,Text6,R18,GRA
60,60,50.71,9.29,19.04,2.13,1,-3.85,-0.56,0.49,1,53,6,18,5,-0.51,0,0.05,Text6,R18,HOL
73,73,65.09,7.91,27.33,1.51,1,-2.15,0.05,0.29,1,63,13,18,1,0.04,0,-0.01,Text13,R18,TR
67,67,63.13,3.87,26.29,0.76,1,-2.03,-0.03,0.15,1,63,13,18,2,0.04,0,0.07,Text13,R18,CC
67,67,69.85,-2.85,28.62,-0.53,1,-1.89,0.22,-0.1,1,73,13,18,3,0.04,0,-0.17,Text13,R18,LR
67,67,63.23,3.77,26.32,0.74,1,-2.01,-0.02,0.14,1,63,13,18,4,0.04,0,0.06,Text13,R18,GRA
68,68,63.53,4.47,26.44,0.87,1,-4.48,-0.01,0.17,1,63,13,18,5,0.04,0,0.05,Text13,R18,HOL
77,77,76.15,0.85,29.08,0.16,1,-1.79,0.44,0.03,1,73,29,18,1,0.43,0,-0.01,Text29,R18,TR
77,77,74.07,2.93,28.07,0.55,1,-1.93,0.37,0.1,1,73,29,18,2,0.43,0,0.07,Text29,R18,CC
77,77,81.1,-4.1,28.76,-0.76,1,-2.06,0.61,-0.14,1,83,29,18,3,0.43,0,-0.17,Text29,R18,LR
77,77,74.17,2.83,28.11,0.53,1,-1.92,0.37,0.1,1,73,29,18,4,0.43,0,0.06,Text29,R18,GRA
79,79,74.5,4.5,28.24,0.85,1,-5.53,0.38,0.16,1,73,29,18,5,0.43,0,0.05,Text29,R18,HOL
57,57,49.36,7.64,20.84,1.67,1,-3.45,-0.63,0.37,1,53,1,19,1,-0.64,0,-0.01,Text1,R19,TR
53,53,47.76,5.24,22.86,1.1,1,-1.58,-0.71,0.23,1,50,1,19,2,-0.64,0,0.07,Text1,R19,CC
63,63,52.56,10.44,18.57,2.42,1,-3.46,-0.46,0.56,1,53,1,19,3,-0.64,0,-0.17,Text1,R19,LR
57,57,47.84,9.16,22.77,1.92,1,-4.03,-0.7,0.4,1,50,1,19,4,-0.64,0,0.06,Text1,R19,GRA
54,54,48.1,5.9,22.5,1.24,1,-5.39,-0.69,0.26,1,50,1,19,5,-0.64,0,0.05,Text1,R19,HOL
73,73,64.13,8.87,26.73,1.72,1,-2.45,0.01,0.33,1,63,17,19,1,0.01,0,-0.01,Text17,R19,TR
63,63,62.2,0.8,26.14,0.16,1,-1.07,-0.06,0.03,1,63,17,19,2,0.01,0,0.07,Text17,R19,CC
83,83,68.84,14.16,28.81,2.64,1,-4.57,0.18,0.49,1,73,17,19,3,0.01,0,-0.17,Text17,R19,LR
73,73,62.3,10.7,26.15,2.09,1,-3.13,-0.06,0.41,1,63,17,19,4,0.01,0,0.06,Text17,R19,GRA
70,70,62.6,7.4,26.18,1.45,1,-3.13,-0.05,0.28,1,63,17,19,5,0.01,0,0.05,Text17,R19,HOL
73,73,76.03,-3.03,29.01,-0.56,1,-1.21,0.43,-0.1,1,73,25,19,1,0.43,0,-0.01,Text25,R19,TR
73,73,73.95,-0.95,28.04,-0.18,1,-1.06,0.36,-0.03,1,73,25,19,2,0.43,0,0.07,Text25,R19,CC
87,87,80.98,6.02,28.84,1.12,1,-2.18,0.6,0.21,1,83,25,19,3,0.43,0,-0.17,Text25,R19,LR
83,83,74.06,8.94,28.07,1.69,1,-2.44,0.37,0.32,1,73,25,19,4,0.43,0,0.06,Text25,R19,GRA
80,80,74.38,5.62,28.19,1.06,1,-2.86,0.38,0.2,1,73,25,19,5,0.43,0,0.05,Text25,R19,HOL
53,53,51.25,1.75,18.57,0.41,1,-1,-0.54,0.09,1,53,10,20,1,-0.54,0,-0.01,Text10,R20,TR
40,40,49.84,-9.84,20.15,-2.19,1,-3.54,-0.61,-0.49,1,53,10,20,2,-0.54,0,0.07,Text10,R20,CC
53,53,54.46,-1.46,21.21,-0.32,1,-0.97,-0.37,-0.07,1,53,10,20,3,-0.54,0,-0.17,Text10,R20,LR
50,50,49.91,0.09,20.04,0.02,1,-1.35,-0.61,0,1,53,10,20,4,-0.54,0,0.06,Text10,R20,GRA
48,48,50.14,-2.14,19.73,-0.48,1,-3.59,-0.59,-0.11,1,53,10,20,5,-0.54,0,0.05,Text10,R20,HOL
63,63,65.33,-2.33,27.49,-0.44,1,-1.16,0.06,-0.08,1,63,32,20,1,0.05,0,-0.01,Text32,R20,TR
67,67,63.36,3.64,26.37,0.71,1,-1.99,-0.02,0.14,1,63,32,20,2,0.05,0,0.07,Text32,R20,CC
73,73,70.11,2.89,28.54,0.54,1,-1.19,0.22,0.1,1,73,32,20,3,0.05,0,-0.17,Text32,R20,LR
67,67,63.46,3.54,26.41,0.69,1,-1.98,-0.01,0.13,1,63,32,20,4,0.05,0,0.06,Text32,R20,GRA
65,65,63.77,1.23,26.54,0.24,1,-3.29,0,0.05,1,63,32,20,5,0.05,0,0.05,Text32,R20,HOL
70,70,80.02,-10.02,29.4,-1.85,1,-3.86,0.57,-0.34,1,83,33,20,1,0.56,0,-0.01,Text33,R20,TR
73,73,77.85,-4.85,29.71,-0.89,1,-1.45,0.5,-0.16,1,73,33,20,2,0.56,0,0.07,Text33,R20,CC
77,77,84.67,-7.67,25.97,-1.51,1,-2.84,0.74,-0.3,1,83,33,20,3,0.56,0,-0.17,Text33,R20,LR
73,73,77.96,-4.96,29.73,-0.91,1,-1.47,0.5,-0.17,1,73,33,20,4,0.56,0,0.06,Text33,R20,GRA
70,70,78.3,-8.3,29.77,-1.52,1,-3.33,0.51,-0.28,1,83,33,20,5,0.56,0,0.05,Text33,R20,HOL
50,50,48.04,1.96,22.57,0.41,1,-1.44,-0.69,0.09,1,50,3,21,1,-0.7,0,-0.01,Text3,R21,TR
40,40,46.33,-6.33,23.73,-1.3,1,-2.26,-0.77,-0.27,1,43,3,21,2,-0.7,0,0.07,Text3,R21,CC
47,47,51.44,-4.44,18.46,-1.03,1,-2.62,-0.53,-0.24,1,53,3,21,3,-0.7,0,-0.17,Text3,R21,LR
43,43,46.42,-3.42,23.7,-0.7,1,-1.38,-0.76,-0.14,1,43,3,21,4,-0.7,0,0.06,Text3,R21,GRA
43,43,46.7,-3.7,23.61,-0.76,1,-1.42,-0.75,-0.16,1,43,3,21,5,-0.7,0,0.05,Text3,R21,HOL
60,60,63.9,-3.9,26.6,-0.76,1,-2.03,0,-0.15,1,63,18,21,1,0,0,-0.01,Text18,R21,TR
60,60,61.97,-1.97,26.14,-0.39,1,-1.82,-0.07,-0.08,1,63,18,21,2,0,0,0.07,Text18,R21,CC
77,77,68.58,8.42,28.82,1.57,1,-3.03,0.17,0.29,1,73,18,21,3,0,0,-0.17,Text18,R21,LR
67,67,62.07,4.93,26.14,0.96,1,-2.2,-0.07,0.19,1,63,18,21,4,0,0,0.06,Text18,R21,GRA
65,65,62.37,2.63,26.15,0.51,1,-3.4,-0.05,0.1,1,63,18,21,5,0,0,0.05,Text18,R21,HOL
87,87,83.58,3.42,26.8,0.66,1,-1.74,0.7,0.13,1,83,24,21,1,0.69,0,-0.01,Text24,R21,TR
87,87,81.56,5.44,28.42,1.02,1,-2.06,0.62,0.19,1,83,24,21,2,0.69,0,0.07,Text24,R21,CC
93,93,87.79,5.21,23.15,1.08,1,-1.58,0.86,0.22,1,87,24,21,3,0.69,0,-0.17,Text24,R21,LR
90,90,81.67,8.33,28.34,1.57,1,-3.28,0.63,0.29,1,83,24,21,4,0.69,0,0.06,Text24,R21,GRA
90,90,81.99,8.01,28.08,1.51,1,-3.19,0.64,0.29,1,83,24,21,5,0.69,0,0.05,Text24,R21,HOL
40,40,49.47,-9.47,20.67,-2.08,1,-3.37,-0.63,-0.46,1,53,4,22,1,-0.63,0,-0.01,Text4,R22,TR
40,40,47.88,-7.88,22.74,-1.65,1,-2.73,-0.7,-0.35,1,50,4,22,2,-0.63,0,0.07,Text4,R22,CC
60,60,52.66,7.34,18.64,1.7,1,-2.98,-0.46,0.39,1,53,4,22,3,-0.63,0,-0.17,Text4,R22,LR
40,40,47.97,-7.97,22.65,-1.67,1,-2.76,-0.7,-0.35,1,50,4,22,4,-0.63,0,0.06,Text4,R22,GRA
47,47,48.23,-1.23,22.35,-0.26,1,-2.16,-0.68,-0.05,1,50,4,22,5,-0.63,0,0.05,Text4,R22,HOL
47,47,65.09,-18.09,27.33,-3.46,1,-8.8,0.05,-0.66,1,63,13,22,1,0.04,0,-0.01,Text13,R22,TR
63,63,69.85,-6.85,28.62,-1.28,1,-1.89,0.22,-0.24,1,73,13,22,3,0.04,0,-0.17,Text13,R22,LR
50,50,63.23,-13.23,26.32,-2.58,1,-4.88,-0.02,-0.5,1,63,13,22,4,0.04,0,0.06,Text13,R22,GRA
48,48,63.53,-15.53,26.44,-3.02,1,-8.45,-0.01,-0.59,1,63,13,22,5,0.04,0,0.05,Text13,R22,HOL
57,57,72.02,-15.02,27.95,-2.84,1,-6.02,0.29,-0.54,1,73,28,22,1,0.29,0,-0.01,Text28,R22,TR
53,53,69.96,-16.96,28.59,-3.17,1,-6.21,0.22,-0.59,1,73,28,22,2,0.29,0,0.07,Text28,R22,CC
70,70,76.78,-6.78,29.38,-1.25,1,-2.94,0.46,-0.23,1,73,28,22,3,0.29,0,-0.17,Text28,R22,LR
60,60,70.06,-10.06,28.55,-1.88,1,-3.56,0.22,-0.35,1,73,28,22,4,0.29,0,0.06,Text28,R22,GRA
60,60,70.39,-10.39,28.45,-1.95,1,-3.67,0.23,-0.37,1,73,28,22,5,0.29,0,0.05,Text28,R22,HOL
43,43,50.57,-7.57,19.2,-1.73,1,-2.44,-0.57,-0.39,1,53,9,23,1,-0.58,0,-0.01,Text9,R23,TR
43,43,49.09,-6.09,21.22,-1.32,1,-1.94,-0.65,-0.29,1,53,9,23,2,-0.58,0,0.07,Text9,R23,CC
53,53,53.72,-0.72,19.93,-0.16,1,-0.93,-0.4,-0.04,1,53,9,23,3,-0.58,0,-0.17,Text9,R23,LR
53,53,49.17,3.83,21.1,0.83,1,-1.29,-0.64,0.18,1,53,9,23,4,-0.58,0,0.06,Text9,R23,GRA
45,45,49.41,-4.41,20.76,-0.97,1,-3.18,-0.63,-0.21,1,53,9,23,5,-0.58,0,0.05,Text9,R23,HOL
57,57,67.3,-10.3,28.6,-1.93,1,-3.92,0.13,-0.36,1,63,14,23,1,0.12,0,-0.01,Text14,R23,TR
63,63,65.25,-2.25,27.44,-0.43,1,-1.15,0.05,-0.08,1,63,14,23,2,0.12,0,0.07,Text14,R23,CC
73,73,72.09,0.91,27.94,0.17,1,-1.06,0.29,0.03,1,73,14,23,3,0.12,0,-0.17,Text14,R23,LR
63,63,65.35,-2.35,27.51,-0.45,1,-1.16,0.06,-0.09,1,63,14,23,4,0.12,0,0.06,Text14,R23,GRA
65,65,65.67,-0.67,27.73,-0.13,1,-3.27,0.07,-0.02,1,63,14,23,5,0.12,0,0.05,Text14,R23,HOL
93,93,83.59,9.41,26.79,1.82,1,-2.8,0.7,0.35,1,83,21,23,2,0.76,0,0.07,Text21,R23,CC
93,93,89.4,3.6,20.43,0.8,1,-1.26,0.94,0.18,1,93,21,23,3,0.76,0,-0.17,Text21,R23,LR
83,83,83.69,-0.69,26.71,-0.13,1,-1.07,0.7,-0.03,1,83,21,23,4,0.76,0,0.06,Text21,R23,GRA
76,76,84,-8,26.48,-1.55,1,-4.56,0.71,-0.3,1,83,21,23,5,0.76,0,0.05,Text21,R23,HOL
53,53,53.04,-0.04,19.01,-0.01,1,-0.92,-0.44,0,1,53,8,24,1,-0.45,0,-0.01,Text8,R24,TR
53,53,51.69,1.31,18.37,0.31,1,-0.97,-0.51,0.07,1,53,8,24,2,-0.45,0,0.07,Text8,R24,CC
53,53,56.7,-3.7,24.9,-0.74,1,-1.22,-0.27,-0.15,1,53,8,24,3,-0.45,0,-0.17,Text8,R24,LR
43,43,51.76,-8.76,18.36,-2.04,1,-2.96,-0.51,-0.48,1,53,8,24,4,-0.45,0,0.06,Text8,R24,GRA
47,47,51.97,-4.97,18.35,-1.16,1,-2.76,-0.5,-0.27,1,53,8,24,5,-0.45,0,0.05,Text8,R24,HOL
73,73,66.61,6.39,28.3,1.2,1,-1.76,0.1,0.23,1,63,11,24,1,0.1,0,-0.01,Text11,R24,TR
73,73,64.59,8.41,27,1.62,1,-2.3,0.03,0.31,1,63,11,24,2,0.1,0,0.07,Text11,R24,CC
73,73,71.41,1.59,28.11,0.3,1,-1.09,0.27,0.06,1,73,11,24,3,0.1,0,-0.17,Text11,R24,LR
67,67,64.69,2.31,27.07,0.44,1,-1.84,0.03,0.09,1,63,11,24,4,0.1,0,0.06,Text11,R24,GRA
71,71,65,6,27.28,1.15,1,-4.07,0.04,0.22,1,63,11,24,5,0.1,0,0.05,Text11,R24,HOL
87,87,83.25,3.75,27.06,0.72,1,-1.78,0.68,0.14,1,83,27,24,1,0.68,0,-0.01,Text27,R24,TR
93,93,81.21,11.79,28.67,2.2,1,-3.7,0.61,0.41,1,83,27,24,2,0.68,0,0.07,Text27,R24,CC
93,93,87.51,5.49,23.51,1.13,1,-1.64,0.85,0.23,1,83,27,24,3,0.68,0,-0.17,Text27,R24,LR
83,83,81.32,1.68,28.6,0.31,1,-1.11,0.61,0.06,1,83,27,24,4,0.68,0,0.06,Text27,R24,GRA
81,81,81.65,-0.65,28.35,-0.12,1,-3.33,0.63,-0.02,1,83,27,24,5,0.68,0,0.05,Text27,R24,HOL
63,63,49.87,13.13,20.11,2.93,1,-5.15,-0.61,0.65,1,53,7,25,2,-0.54,0,0.07,Text7,R25,CC
53,53,49.94,3.06,20,0.68,1,-1.16,-0.6,0.15,1,53,7,25,4,-0.54,0,0.06,Text7,R25,GRA
60,60,50.17,9.83,19.69,2.22,1,-4.12,-0.59,0.5,1,53,7,25,5,-0.54,0,0.05,Text7,R25,HOL
77,77,63.73,13.27,26.52,2.58,1,-4.92,0,0.5,1,63,20,25,3,-0.18,0,-0.17,Text20,R25,LR
73,73,57.49,15.51,25.73,3.06,1,-5.52,-0.24,0.6,1,53,20,25,4,-0.18,0,0.06,Text20,R25,GRA
90,90,86.61,3.39,24.45,0.69,1,-2.19,0.81,0.14,1,83,26,25,1,0.81,0,-0.01,Text26,R25,TR
90,90,84.76,5.24,25.9,1.03,1,-2.51,0.74,0.2,1,83,26,25,2,0.81,0,0.07,Text26,R25,CC
93,93,90.27,2.73,18.41,0.64,1,-1.12,0.98,0.15,1,93,26,25,3,0.81,0,-0.17,Text26,R25,LR
93,93,84.86,8.14,25.83,1.6,1,-2.37,0.74,0.32,1,83,26,25,4,0.81,0,0.06,Text26,R25,GRA
91,91,85.16,5.84,25.61,1.15,1,-3.8,0.76,0.23,1,83,26,25,5,0.81,0,0.05,Text26,R25,HOL
57,57,51.78,5.22,18.35,1.22,1,-2.64,-0.51,0.28,1,53,6,26,1,-0.51,0,-0.01,Text6,R26,TR
53,53,50.41,2.59,19.38,0.59,1,-1.1,-0.58,0.13,1,53,6,26,2,-0.51,0,0.07,Text6,R26,CC
63,63,55.09,7.91,22.37,1.67,1,-2.3,-0.34,0.35,1,53,6,26,3,-0.51,0,-0.17,Text6,R26,LR
57,57,50.49,6.51,19.29,1.48,1,-3.05,-0.58,0.34,1,53,6,26,4,-0.51,0,0.06,Text6,R26,GRA
55,55,50.71,4.29,19.04,0.98,1,-3.9,-0.56,0.23,1,53,6,26,5,-0.51,0,0.05,Text6,R26,HOL
77,77,66.64,10.36,28.31,1.95,1,-3.67,0.1,0.37,1,63,15,26,1,0.1,0,-0.01,Text15,R26,TR
77,77,64.61,12.39,27.02,2.38,1,-4.5,0.03,0.46,1,63,15,26,2,0.1,0,0.07,Text15,R26,CC
83,83,71.43,11.57,28.1,2.18,1,-3.4,0.27,0.41,1,73,15,26,3,0.1,0,-0.17,Text15,R26,LR
73,73,64.71,8.29,27.08,1.59,1,-2.26,0.03,0.31,1,63,15,26,4,0.1,0,0.06,Text15,R26,GRA
81,81,65.03,15.97,27.29,3.06,1,-7.82,0.05,0.59,1,63,15,26,5,0.1,0,0.05,Text15,R26,HOL
90,90,79.03,10.97,29.72,2.01,1,-4.15,0.54,0.37,1,83,22,26,1,0.53,0,-0.01,Text22,R26,TR
90,90,76.86,13.14,29.41,2.42,1,-5.04,0.46,0.45,1,73,22,26,2,0.53,0,0.07,Text22,R26,CC
93,93,83.8,9.2,26.63,1.78,1,-2.72,0.7,0.35,1,83,22,26,3,0.53,0,-0.17,Text22,R26,LR
83,83,76.97,6.03,29.45,1.11,1,-1.68,0.47,0.2,1,73,22,26,4,0.53,0,0.06,Text22,R26,GRA
91,91,77.31,13.69,29.58,2.52,1,-6.48,0.48,0.46,1,73,22,26,5,0.53,0,0.05,Text22,R26,HOL
57,57,48.04,8.96,22.57,1.89,1,-3.95,-0.69,0.4,1,50,3,27,1,-0.7,0,-0.01,Text3,R27,TR
57,57,46.33,10.67,23.73,2.19,1,-4.67,-0.77,0.45,1,43,3,27,2,-0.7,0,0.07,Text3,R27,CC
57,57,46.42,10.58,23.7,2.17,1,-4.63,-0.76,0.45,1,43,3,27,4,-0.7,0,0.06,Text3,R27,GRA
56,56,46.7,9.3,23.61,1.92,1,-6.17,-0.75,0.39,1,43,3,27,5,-0.7,0,0.05,Text3,R27,HOL
77,77,69.47,7.53,28.71,1.41,1,-2.78,0.2,0.26,1,73,19,27,1,0.2,0,-0.01,Text19,R27,TR
77,77,67.36,9.64,28.62,1.8,1,-3.41,0.13,0.34,1,63,19,27,2,0.2,0,0.07,Text19,R27,CC
80,80,74.19,5.81,28.12,1.1,1,-2.9,0.37,0.21,1,73,19,27,3,0.2,0,-0.17,Text19,R27,LR
70,70,67.47,2.53,28.66,0.47,1,-2.24,0.13,0.09,1,63,19,27,4,0.2,0,0.06,Text19,R27,GRA
76,76,67.8,8.2,28.74,1.53,1,-4.61,0.14,0.29,1,63,19,27,5,0.2,0,0.05,Text19,R27,HOL
87,87,86.16,0.84,24.85,0.17,1,-1.53,0.8,0.03,1,83,30,27,1,0.79,0,-0.01,Text30,R27,TR
80,80,84.29,-4.29,26.26,-0.84,1,-2.65,0.72,-0.16,1,83,30,27,2,0.79,0,0.07,Text30,R27,CC
97,97,89.92,7.08,19.26,1.61,1,-2.91,0.96,0.37,1,93,30,27,3,0.79,0,-0.17,Text30,R27,LR
87,87,84.39,2.61,26.18,0.51,1,-1.65,0.73,0.1,1,83,30,27,4,0.79,0,0.06,Text30,R27,GRA
91,91,84.69,6.31,25.96,1.24,1,-3.91,0.74,0.24,1,83,30,27,5,0.79,0,0.05,Text30,R27,HOL
47,47,49.25,-2.25,21,-0.49,1,-2.24,-0.64,-0.11,1,53,2,28,1,-0.64,0,-0.01,Text2,R28,TR
50,50,47.63,2.37,22.98,0.49,1,-1.47,-0.71,0.1,1,50,2,28,2,-0.64,0,0.07,Text2,R28,CC
53,53,52.46,0.54,18.5,0.13,1,-0.93,-0.47,0.03,1,53,2,28,3,-0.64,0,-0.17,Text2,R28,LR
53,53,47.72,5.28,22.89,1.1,1,-1.59,-0.71,0.23,1,50,2,28,4,-0.64,0,0.06,Text2,R28,GRA
50,50,47.98,2.02,22.63,0.42,1,-1.44,-0.7,0.09,1,50,2,28,5,-0.64,0,0.05,Text2,R28,HOL
73,73,66.61,6.39,28.3,1.2,1,-1.76,0.1,0.23,1,63,11,28,1,0.1,0,-0.01,Text11,R28,TR
70,70,64.59,5.41,27,1.04,1,-2.65,0.03,0.2,1,63,11,28,2,0.1,0,0.07,Text11,R28,CC
73,73,71.41,1.59,28.11,0.3,1,-1.09,0.27,0.06,1,73,11,28,3,0.1,0,-0.17,Text11,R28,LR
73,73,64.69,8.31,27.07,1.6,1,-2.27,0.03,0.31,1,63,11,28,4,0.1,0,0.06,Text11,R28,GRA
71,71,65,6,27.28,1.15,1,-4.07,0.04,0.22,1,63,11,28,5,0.1,0,0.05,Text11,R28,HOL
93,93,80.02,12.98,29.4,2.39,1,-4.21,0.57,0.44,1,83,33,28,1,0.56,0,-0.01,Text33,R28,TR
87,87,77.85,9.15,29.71,1.68,1,-2.98,0.5,0.31,1,73,33,28,2,0.56,0,0.07,Text33,R28,CC
87,87,84.67,2.33,25.97,0.46,1,-1.62,0.74,0.09,1,83,33,28,3,0.56,0,-0.17,Text33,R28,LR
87,87,77.96,9.04,29.73,1.66,1,-2.95,0.5,0.3,1,73,33,28,4,0.56,0,0.06,Text33,R28,GRA
86,86,78.3,7.7,29.77,1.41,1,-4.25,0.51,0.26,1,83,33,28,5,0.56,0,0.05,Text33,R28,HOL
50,50,51.27,-1.27,18.55,-0.3,1,-1.39,-0.53,-0.07,1,53,7,29,1,-0.54,0,-0.01,Text7,R29,TR
47,47,49.87,-2.87,20.11,-0.64,1,-2.32,-0.61,-0.14,1,53,7,29,2,-0.54,0,0.07,Text7,R29,CC
53,53,54.49,-1.49,21.27,-0.32,1,-0.97,-0.37,-0.07,1,53,7,29,3,-0.54,0,-0.17,Text7,R29,LR
43,43,49.94,-6.94,20,-1.55,1,-2.21,-0.6,-0.35,1,53,7,29,4,-0.54,0,0.06,Text7,R29,GRA
45,45,50.17,-5.17,19.69,-1.17,1,-3.36,-0.59,-0.26,1,53,7,29,5,-0.54,0,0.05,Text7,R29,HOL
73,73,71.47,1.53,28.09,0.29,1,-1.09,0.27,0.05,1,73,16,29,1,0.27,0,-0.01,Text16,R29,TR
63,63,69.39,-6.39,28.73,-1.19,1,-1.78,0.2,-0.22,1,73,16,29,2,0.27,0,0.07,Text16,R29,CC
77,77,76.21,0.79,29.1,0.15,1,-1.79,0.44,0.03,1,73,16,29,3,0.27,0,-0.17,Text16,R29,LR
60,60,69.5,-9.5,28.71,-1.77,1,-3.36,0.2,-0.33,1,73,16,29,4,0.27,0,0.06,Text16,R29,GRA
66,66,69.83,-3.83,28.62,-0.72,1,-5.47,0.22,-0.13,1,73,16,29,5,0.27,0,0.05,Text16,R29,HOL
73,73,81.93,-8.93,28.13,-1.68,1,-2.41,0.64,-0.32,1,83,23,29,1,0.63,0,-0.01,Text23,R29,TR
63,63,79.81,-16.81,29.49,-3.1,1,-5.97,0.56,-0.57,1,83,23,29,2,0.63,0,0.07,Text23,R29,CC
83,83,86.35,-3.35,24.68,-0.67,1,-1.28,0.8,-0.14,1,83,23,29,3,0.63,0,-0.17,Text23,R29,LR
73,73,79.93,-6.93,29.44,-1.28,1,-1.86,0.57,-0.24,1,83,23,29,4,0.63,0,0.06,Text23,R29,GRA
70,70,80.26,-10.26,29.27,-1.9,1,-3.94,0.58,-0.35,1,83,23,29,5,0.63,0,0.05,Text23,R29,HOL
50,50,49.52,0.48,20.6,0.11,1,-1.35,-0.62,0.02,1,53,31,30,1,-0.63,0,-0.01,Text31,R30,TR
50,50,47.94,2.06,22.68,0.43,1,-1.44,-0.7,0.09,1,50,31,30,2,-0.63,0,0.07,Text31,R30,CC
50,50,52.71,-2.71,18.68,-0.63,1,-1.54,-0.46,-0.14,1,53,31,30,3,-0.63,0,-0.17,Text31,R30,LR
50,50,48.02,1.98,22.59,0.42,1,-1.44,-0.69,0.09,1,50,31,30,4,-0.63,0,0.06,Text31,R30,GRA
50,50,48.28,1.72,22.29,0.36,1,-1.42,-0.68,0.08,1,50,31,30,5,-0.63,0,0.05,Text31,R30,HOL
63,63,62.76,0.24,26.2,0.05,1,-1.06,-0.04,0.01,1,63,12,30,1,-0.05,0,-0.01,Text12,R30,TR
53,53,60.84,-7.84,26.29,-1.53,1,-2.13,-0.11,-0.3,1,63,12,30,2,-0.05,0,0.07,Text12,R30,CC
67,67,67.35,-0.35,28.62,-0.06,1,-1.75,0.13,-0.01,1,63,12,30,3,-0.05,0,-0.17,Text12,R30,LR
53,53,60.94,-7.94,26.27,-1.55,1,-2.16,-0.11,-0.3,1,63,12,30,4,-0.05,0,0.06,Text12,R30,GRA
55,55,61.25,-6.25,26.22,-1.22,1,-4.16,-0.1,-0.24,1,63,12,30,5,-0.05,0,0.05,Text12,R30,HOL
83,83,85.5,-2.5,25.36,-0.5,1,-1.18,0.77,-0.1,1,83,21,30,1,0.76,0,-0.01,Text21,R30,TR
83,83,83.59,-0.59,26.79,-0.11,1,-1.07,0.7,-0.02,1,83,21,30,2,0.76,0,0.07,Text21,R30,CC
83,83,89.4,-6.4,20.43,-1.42,1,-1.94,0.94,-0.31,1,93,21,30,3,0.76,0,-0.17,Text21,R30,LR
83,83,83.69,-0.69,26.71,-0.13,1,-1.07,0.7,-0.03,1,83,21,30,4,0.76,0,0.06,Text21,R30,GRA
81,81,84,-3,26.48,-0.58,1,-3.49,0.71,-0.11,1,83,21,30,5,0.76,0,0.05,Text21,R30,HOL
40,40,49.52,-9.52,20.6,-2.1,1,-3.39,-0.62,-0.46,1,53,31,31,1,-0.63,0,-0.01,Text31,R31,TR
47,47,47.94,-0.94,22.68,-0.2,1,-2.15,-0.7,-0.04,1,50,31,31,2,-0.63,0,0.07,Text31,R31,CC
50,50,52.71,-2.71,18.68,-0.63,1,-1.54,-0.46,-0.14,1,53,31,31,3,-0.63,0,-0.17,Text31,R31,LR
50,50,48.02,1.98,22.59,0.42,1,-1.44,-0.69,0.09,1,50,31,31,4,-0.63,0,0.06,Text31,R31,GRA
45,45,48.28,-3.28,22.29,-0.69,1,-2.98,-0.68,-0.15,1,50,31,31,5,-0.63,0,0.05,Text31,R31,HOL
73,73,66.64,6.36,28.31,1.2,1,-1.75,0.1,0.22,1,63,15,31,1,0.1,0,-0.01,Text15,R31,TR
67,67,64.61,2.39,27.02,0.46,1,-1.85,0.03,0.09,1,63,15,31,2,0.1,0,0.07,Text15,R31,CC
73,73,71.43,1.57,28.1,0.3,1,-1.09,0.27,0.06,1,73,15,31,3,0.1,0,-0.17,Text15,R31,LR
73,73,64.71,8.29,27.08,1.59,1,-2.26,0.03,0.31,1,63,15,31,4,0.1,0,0.06,Text15,R31,GRA
65,65,65.03,-0.03,27.29,0,1,-3.27,0.05,0,1,63,15,31,5,0.1,0,0.05,Text15,R31,HOL
93,93,86.16,6.84,24.85,1.37,1,-1.99,0.8,0.28,1,83,30,31,1,0.79,0,-0.01,Text30,R31,TR
90,90,84.29,5.71,26.26,1.11,1,-2.61,0.72,0.22,1,83,30,31,2,0.79,0,0.07,Text30,R31,CC
93,93,89.92,3.08,19.26,0.7,1,-1.17,0.96,0.16,1,93,30,31,3,0.79,0,-0.17,Text30,R31,LR
87,87,84.39,2.61,26.18,0.51,1,-1.65,0.73,0.1,1,83,30,31,4,0.79,0,0.06,Text30,R31,GRA
96,96,84.69,11.31,25.96,2.22,1,-5.19,0.74,0.44,1,83,30,31,5,0.79,0,0.05,Text30,R31,HOL
53,53,49.25,3.75,21,0.82,1,-1.28,-0.64,0.18,1,53,2,32,1,-0.64,0,-0.01,Text2,R32,TR
43,43,47.63,-4.63,22.98,-0.97,1,-1.59,-0.71,-0.2,1,50,2,32,2,-0.64,0,0.07,Text2,R32,CC
63,63,52.46,10.54,18.5,2.45,1,-3.52,-0.47,0.57,1,53,2,32,3,-0.64,0,-0.17,Text2,R32,LR
43,43,47.72,-4.72,22.89,-0.99,1,-1.6,-0.71,-0.21,1,50,2,32,4,-0.64,0,0.06,Text2,R32,GRA
50,50,47.98,2.02,22.63,0.42,1,-1.44,-0.7,0.09,1,50,2,32,5,-0.64,0,0.05,Text2,R32,HOL
63,63,63.9,-0.9,26.6,-0.17,1,-1.07,0,-0.03,1,63,18,32,1,0,0,-0.01,Text18,R32,TR
63,63,61.97,1.03,26.14,0.2,1,-1.08,-0.07,0.04,1,63,18,32,2,0,0,0.07,Text18,R32,CC
73,73,68.58,4.42,28.82,0.82,1,-1.39,0.17,0.15,1,73,18,32,3,0,0,-0.17,Text18,R32,LR
53,53,62.07,-9.07,26.14,-1.77,1,-2.53,-0.07,-0.35,1,63,18,32,4,0,0,0.06,Text18,R32,GRA
60,60,62.37,-2.37,26.15,-0.46,1,-1.85,-0.05,-0.09,1,63,18,32,5,0,0,0.05,Text18,R32,HOL
73,73,74.07,-1.07,28.07,-0.2,1,-1.06,0.37,-0.04,1,73,29,32,2,0.43,0,0.07,Text29,R32,CC
83,83,81.1,1.9,28.76,0.35,1,-1.13,0.61,0.07,1,83,29,32,3,0.43,0,-0.17,Text29,R32,LR
83,83,74.17,8.83,28.11,1.67,1,-2.4,0.37,0.31,1,73,29,32,4,0.43,0,0.06,Text29,R32,GRA
71,71,74.5,-3.5,28.24,-0.66,1,-3.65,0.38,-0.12,1,73,29,32,5,0.43,0,0.05,Text29,R32,HOL
50,50,46.64,3.36,23.63,0.69,1,-1.6,-0.75,0.14,1,43,5,33,1,-0.76,0,-0.01,Text5,R33,TR
50,50,44.91,5.09,23.57,1.05,1,-1.91,-0.83,0.22,1,43,5,33,2,-0.76,0,0.07,Text5,R33,CC
50,50,50.3,-0.3,19.52,-0.07,1,-1.35,-0.59,-0.02,1,53,5,33,3,-0.76,0,-0.17,Text5,R33,LR
47,47,44.99,2.01,23.61,0.41,1,-2.21,-0.82,0.08,1,43,5,33,4,-0.76,0,0.06,Text5,R33,GRA
45,45,45.27,-0.27,23.7,-0.05,1,-2.75,-0.81,-0.01,1,43,5,33,5,-0.76,0,0.05,Text5,R33,HOL
53,53,59.31,-6.31,26.48,-1.23,1,-1.72,-0.17,-0.24,1,63,20,33,1,-0.18,0,-0.01,Text20,R33,TR
60,60,57.39,2.61,25.64,0.51,1,-1.87,-0.24,0.1,1,53,20,33,2,-0.18,0,0.07,Text20,R33,CC
70,70,63.73,6.27,26.52,1.22,1,-2.84,0,0.24,1,63,20,33,3,-0.18,0,-0.17,Text20,R33,LR
63,63,57.49,5.51,25.73,1.09,1,-1.64,-0.24,0.21,1,53,20,33,4,-0.18,0,0.06,Text20,R33,GRA
60,60,57.79,2.21,25.96,0.43,1,-1.84,-0.23,0.09,1,53,20,33,5,-0.18,0,0.05,Text20,R33,HOL
73,73,76.03,-3.03,29.01,-0.56,1,-1.21,0.43,-0.1,1,73,25,33,1,0.43,0,-0.01,Text25,R33,TR
77,77,73.95,3.05,28.04,0.58,1,-1.94,0.36,0.11,1,73,25,33,2,0.43,0,0.07,Text25,R33,CC
80,80,80.98,-0.98,28.84,-0.18,1,-2.33,0.6,-0.03,1,83,25,33,3,0.43,0,-0.17,Text25,R33,LR
77,77,74.06,2.94,28.07,0.56,1,-1.93,0.37,0.1,1,73,25,33,4,0.43,0,0.06,Text25,R33,GRA
76,76,74.38,1.62,28.19,0.31,1,-3.48,0.38,0.06,1,73,25,33,5,0.43,0,0.05,Text25,R33,HOL
53,53,49.52,3.48,20.6,0.77,1,-1.23,-0.62,0.17,1,53,31,34,1,-0.63,0,-0.01,Text31,R34,TR
53,53,47.94,5.06,22.68,1.06,1,-1.54,-0.7,0.22,1,50,31,34,2,-0.63,0,0.07,Text31,R34,CC
53,53,52.71,0.29,18.68,0.07,1,-0.92,-0.46,0.02,1,53,31,34,3,-0.63,0,-0.17,Text31,R34,LR
47,47,48.02,-1.02,22.59,-0.21,1,-2.15,-0.69,-0.05,1,50,31,34,4,-0.63,0,0.06,Text31,R34,GRA
50,50,48.28,1.72,22.29,0.36,1,-1.42,-0.68,0.08,1,50,31,34,5,-0.63,0,0.05,Text31,R34,HOL
63,63,59.31,3.69,26.48,0.72,1,-1.32,-0.17,0.14,1,63,20,34,1,-0.18,0,-0.01,Text20,R34,TR
57,57,57.39,-0.39,25.64,-0.08,1,-1.96,-0.24,-0.02,1,53,20,34,2,-0.18,0,0.07,Text20,R34,CC
63,63,63.73,-0.73,26.52,-0.14,1,-1.07,0,-0.03,1,63,20,34,3,-0.18,0,-0.17,Text20,R34,LR
53,53,57.49,-4.49,25.73,-0.89,1,-1.35,-0.24,-0.17,1,53,20,34,4,-0.18,0,0.06,Text20,R34,GRA
56,56,57.79,-1.79,25.96,-0.35,1,-4.15,-0.23,-0.07,1,53,20,34,5,-0.18,0,0.05,Text20,R34,HOL
83,83,79.03,3.97,29.72,0.73,1,-1.33,0.54,0.13,1,83,22,34,1,0.53,0,-0.01,Text22,R34,TR
83,83,76.86,6.14,29.41,1.13,1,-1.7,0.46,0.21,1,73,22,34,2,0.53,0,0.07,Text22,R34,CC
87,87,83.8,3.2,26.63,0.62,1,-1.71,0.7,0.12,1,83,22,34,3,0.53,0,-0.17,Text22,R34,LR
87,87,76.97,10.03,29.45,1.85,1,-3.27,0.47,0.34,1,73,22,34,4,0.53,0,0.06,Text22,R34,GRA
86,86,77.31,8.69,29.58,1.6,1,-4.53,0.48,0.29,1,73,22,34,5,0.53,0,0.05,Text22,R34,HOL
43,43,51.27,-8.27,18.55,-1.92,1,-2.74,-0.53,-0.45,1,53,7,35,1,-0.54,0,-0.01,Text7,R35,TR
53,53,49.87,3.13,20.11,0.7,1,-1.18,-0.61,0.16,1,53,7,35,2,-0.54,0,0.07,Text7,R35,CC
63,63,54.49,8.51,21.27,1.85,1,-2.53,-0.37,0.4,1,53,7,35,3,-0.54,0,-0.17,Text7,R35,LR
53,53,49.94,3.06,20,0.68,1,-1.16,-0.6,0.15,1,53,7,35,4,-0.54,0,0.06,Text7,R35,GRA
50,50,50.17,-0.17,19.69,-0.04,1,-1.35,-0.59,-0.01,1,53,7,35,5,-0.54,0,0.05,Text7,R35,HOL
83,83,67.3,15.7,28.6,2.94,1,-5.37,0.13,0.55,1,63,14,35,1,0.12,0,-0.01,Text14,R35,TR
73,73,65.25,7.75,27.44,1.48,1,-2.1,0.05,0.28,1,63,14,35,2,0.12,0,0.07,Text14,R35,CC
87,87,72.09,14.91,27.94,2.82,1,-5.42,0.29,0.53,1,73,14,35,3,0.12,0,-0.17,Text14,R35,LR
67,67,65.35,1.65,27.51,0.31,1,-1.8,0.06,0.06,1,63,14,35,4,0.12,0,0.06,Text14,R35,GRA
74,74,65.67,8.33,27.73,1.58,1,-5.36,0.07,0.3,1,63,14,35,5,0.12,0,0.05,Text14,R35,HOL
83,83,76.15,6.85,29.08,1.27,1,-1.86,0.44,0.24,1,73,29,35,1,0.43,0,-0.01,Text29,R35,TR
83,83,74.07,8.93,28.07,1.69,1,-2.44,0.37,0.32,1,73,29,35,2,0.43,0,0.07,Text29,R35,CC
87,87,81.1,5.9,28.76,1.1,1,-2.15,0.61,0.21,1,83,29,35,3,0.43,0,-0.17,Text29,R35,LR
83,83,74.17,8.83,28.11,1.67,1,-2.4,0.37,0.31,1,73,29,35,4,0.43,0,0.06,Text29,R35,GRA
86,86,74.5,11.5,28.24,2.16,1,-5.51,0.38,0.41,1,73,29,35,5,0.43,0,0.05,Text29,R35,HOL
57,57,50.57,6.43,19.2,1.47,1,-3.02,-0.57,0.34,1,53,9,36,1,-0.58,0,-0.01,Text9,R36,TR
53,53,49.09,3.91,21.22,0.85,1,-1.31,-0.65,0.18,1,53,9,36,2,-0.58,0,0.07,Text9,R36,CC
57,57,53.72,3.28,19.93,0.73,1,-2.21,-0.4,0.16,1,53,9,36,3,-0.58,0,-0.17,Text9,R36,LR
50,50,49.17,0.83,21.1,0.18,1,-1.36,-0.64,0.04,1,53,9,36,4,-0.58,0,0.06,Text9,R36,GRA
50,50,49.41,0.59,20.76,0.13,1,-1.36,-0.63,0.03,1,53,9,36,5,-0.58,0,0.05,Text9,R36,HOL
67,67,65.09,1.91,27.33,0.37,1,-1.81,0.05,0.07,1,63,13,36,1,0.04,0,-0.01,Text13,R36,TR
63,63,63.13,-0.13,26.29,-0.02,1,-1.06,-0.03,0,1,63,13,36,2,0.04,0,0.07,Text13,R36,CC
70,70,69.85,0.15,28.62,0.03,1,-2.13,0.22,0.01,1,73,13,36,3,0.04,0,-0.17,Text13,R36,LR
67,67,63.23,3.77,26.32,0.74,1,-2.01,-0.02,0.14,1,63,13,36,4,0.04,0,0.06,Text13,R36,GRA
65,65,63.53,1.47,26.44,0.29,1,-3.31,-0.01,0.06,1,63,13,36,5,0.04,0,0.05,Text13,R36,HOL
73,73,83.58,-10.58,26.8,-2.04,1,-3,0.7,-0.39,1,83,24,36,1,0.69,0,-0.01,Text24,R36,TR
70,70,81.56,-11.56,28.42,-2.17,1,-4.43,0.62,-0.41,1,83,24,36,2,0.69,0,0.07,Text24,R36,CC
93,93,87.79,5.21,23.15,1.08,1,-1.58,0.86,0.22,1,87,24,36,3,0.69,0,-0.17,Text24,R36,LR
83,83,81.67,1.33,28.34,0.25,1,-1.09,0.63,0.05,1,83,24,36,4,0.69,0,0.06,Text24,R36,GRA
86,86,81.99,4.01,28.08,0.76,1,-3.52,0.64,0.14,1,83,24,36,5,0.69,0,0.05,Text24,R36,HOL
53,53,51.78,1.22,18.35,0.28,1,-0.96,-0.51,0.07,1,53,6,37,1,-0.51,0,-0.01,Text6,R37,TR
50,50,50.41,-0.41,19.38,-0.09,1,-1.35,-0.58,-0.02,1,53,6,37,2,-0.51,0,0.07,Text6,R37,CC
53,53,55.09,-2.09,22.37,-0.44,1,-1.02,-0.34,-0.09,1,53,6,37,3,-0.51,0,-0.17,Text6,R37,LR
53,53,50.49,2.51,19.29,0.57,1,-1.09,-0.58,0.13,1,53,6,37,4,-0.51,0,0.06,Text6,R37,GRA
50,50,50.71,-0.71,19.04,-0.16,1,-1.36,-0.56,-0.04,1,53,6,37,5,-0.51,0,0.05,Text6,R37,HOL
73,73,69.47,3.53,28.71,0.66,1,-1.26,0.2,0.12,1,73,19,37,1,0.2,0,-0.01,Text19,R37,TR
60,60,67.36,-7.36,28.62,-1.38,1,-2.74,0.13,-0.26,1,63,19,37,2,0.2,0,0.07,Text19,R37,CC
67,67,74.19,-7.19,28.12,-1.36,1,-2.67,0.37,-0.26,1,73,19,37,3,0.2,0,-0.17,Text19,R37,LR
70,70,67.47,2.53,28.66,0.47,1,-2.24,0.13,0.09,1,63,19,37,4,0.2,0,0.06,Text19,R37,GRA
68,68,67.8,0.2,28.74,0.04,1,-4.12,0.14,0.01,1,63,19,37,5,0.2,0,0.05,Text19,R37,HOL
83,83,86.61,-3.61,24.45,-0.73,1,-1.32,0.81,-0.15,1,83,26,37,1,0.81,0,-0.01,Text26,R37,TR
87,87,84.76,2.24,25.9,0.44,1,-1.61,0.74,0.09,1,83,26,37,2,0.81,0,0.07,Text26,R37,CC
93,93,90.27,2.73,18.41,0.64,1,-1.12,0.98,0.15,1,93,26,37,3,0.81,0,-0.17,Text26,R37,LR
90,90,84.86,5.14,25.83,1.01,1,-2.49,0.74,0.2,1,83,26,37,4,0.81,0,0.06,Text26,R37,GRA
96,96,85.16,10.84,25.61,2.14,1,-4.99,0.76,0.42,1,83,26,37,5,0.81,0,0.05,Text26,R37,HOL
60,60,51.78,8.22,18.35,1.92,1,-3.35,-0.51,0.45,1,53,6,38,1,-0.51,0,-0.01,Text6,R38,TR
47,47,50.41,-3.41,19.38,-0.78,1,-2.41,-0.58,-0.18,1,53,6,38,2,-0.51,0,0.07,Text6,R38,CC
50,50,55.09,-5.09,22.37,-1.08,1,-2,-0.34,-0.23,1,53,6,38,3,-0.51,0,-0.17,Text6,R38,LR
47,47,50.49,-3.49,19.29,-0.79,1,-2.42,-0.58,-0.18,1,53,6,38,4,-0.51,0,0.06,Text6,R38,GRA
50,50,50.71,-0.71,19.04,-0.16,1,-1.36,-0.56,-0.04,1,53,6,38,5,-0.51,0,0.05,Text6,R38,HOL
80,80,65.33,14.67,27.49,2.8,1,-6.11,0.06,0.53,1,63,32,38,1,0.05,0,-0.01,Text32,R38,TR
73,73,63.36,9.64,26.37,1.88,1,-2.72,-0.02,0.37,1,63,32,38,2,0.05,0,0.07,Text32,R38,CC
70,70,70.11,-0.11,28.54,-0.02,1,-2.13,0.22,0,1,73,32,38,3,0.05,0,-0.17,Text32,R38,LR
67,67,63.46,3.54,26.41,0.69,1,-1.98,-0.01,0.13,1,63,32,38,4,0.05,0,0.06,Text32,R38,GRA
71,71,63.77,7.23,26.54,1.4,1,-4.38,0,0.27,1,63,32,38,5,0.05,0,0.05,Text32,R38,HOL
77,77,76.15,0.85,29.08,0.16,1,-1.79,0.44,0.03,1,73,29,38,1,0.43,0,-0.01,Text29,R38,TR
77,77,74.07,2.93,28.07,0.55,1,-1.93,0.37,0.1,1,73,29,38,2,0.43,0,0.07,Text29,R38,CC
73,73,81.1,-8.1,28.76,-1.51,1,-2.16,0.61,-0.28,1,83,29,38,3,0.43,0,-0.17,Text29,R38,LR
73,73,74.17,-1.17,28.11,-0.22,1,-1.07,0.37,-0.04,1,73,29,38,4,0.43,0,0.06,Text29,R38,GRA
70,70,74.5,-4.5,28.24,-0.85,1,-2.49,0.38,-0.16,1,73,29,38,5,0.43,0,0.05,Text29,R38,HOL
43,43,49.47,-6.47,20.67,-1.42,1,-2.05,-0.63,-0.31,1,53,4,39,1,-0.63,0,-0.01,Text4,R39,TR
40,40,47.88,-7.88,22.74,-1.65,1,-2.73,-0.7,-0.35,1,50,4,39,2,-0.63,0,0.07,Text4,R39,CC
60,60,52.66,7.34,18.64,1.7,1,-2.98,-0.46,0.39,1,53,4,39,3,-0.63,0,-0.17,Text4,R39,LR
33,33,47.97,-14.97,22.65,-3.15,1,-6.3,-0.7,-0.66,1,50,4,39,4,-0.63,0,0.06,Text4,R39,GRA
34,34,48.23,-14.23,22.35,-3.01,1,-5.77,-0.68,-0.64,1,50,4,39,5,-0.63,0,0.05,Text4,R39,HOL
73,73,62.76,10.24,26.2,2,1,-2.94,-0.04,0.39,1,63,12,39,1,-0.05,0,-0.01,Text12,R39,TR
60,60,60.84,-0.84,26.29,-0.16,1,-1.76,-0.11,-0.03,1,63,12,39,2,-0.05,0,0.07,Text12,R39,CC
67,67,67.35,-0.35,28.62,-0.06,1,-1.75,0.13,-0.01,1,63,12,39,3,-0.05,0,-0.17,Text12,R39,LR
60,60,60.94,-0.94,26.27,-0.18,1,-1.76,-0.11,-0.04,1,63,12,39,4,-0.05,0,0.06,Text12,R39,GRA
58,58,61.25,-3.25,26.22,-0.63,1,-4.27,-0.1,-0.12,1,63,12,39,5,-0.05,0,0.05,Text12,R39,HOL
77,77,76.03,0.97,29.01,0.18,1,-1.79,0.43,0.03,1,73,25,39,1,0.43,0,-0.01,Text25,R39,TR
80,80,73.95,6.05,28.04,1.14,1,-2.95,0.36,0.22,1,73,25,39,2,0.43,0,0.07,Text25,R39,CC
87,87,80.98,6.02,28.84,1.12,1,-2.18,0.6,0.21,1,83,25,39,3,0.43,0,-0.17,Text25,R39,LR
77,77,74.06,2.94,28.07,0.56,1,-1.93,0.37,0.1,1,73,25,39,4,0.43,0,0.06,Text25,R39,GRA
86,86,74.38,11.62,28.19,2.19,1,-5.56,0.38,0.41,1,73,25,39,5,0.43,0,0.05,Text25,R39,HOL
53,53,49.36,3.64,20.84,0.8,1,-1.26,-0.63,0.17,1,53,1,40,1,-0.64,0,-0.01,Text1,R40,TR
53,53,47.76,5.24,22.86,1.1,1,-1.58,-0.71,0.23,1,50,1,40,2,-0.64,0,0.07,Text1,R40,CC
53,53,52.56,0.44,18.57,0.1,1,-0.92,-0.46,0.02,1,53,1,40,3,-0.64,0,-0.17,Text1,R40,LR
53,53,47.84,5.16,22.77,1.08,1,-1.56,-0.7,0.23,1,50,1,40,4,-0.64,0,0.06,Text1,R40,GRA
50,50,48.1,1.9,22.5,0.4,1,-1.43,-0.69,0.08,1,50,1,40,5,-0.64,0,0.05,Text1,R40,HOL
57,57,66.61,-9.61,28.3,-1.81,1,-3.68,0.1,-0.34,1,63,11,40,1,0.1,0,-0.01,Text11,R40,TR
63,63,64.59,-1.59,27,-0.31,1,-1.11,0.03,-0.06,1,63,11,40,2,0.1,0,0.07,Text11,R40,CC
70,70,71.41,-1.41,28.11,-0.27,1,-2.17,0.27,-0.05,1,73,11,40,3,0.1,0,-0.17,Text11,R40,LR
67,67,64.69,2.31,27.07,0.44,1,-1.84,0.03,0.09,1,63,11,40,4,0.1,0,0.06,Text11,R40,GRA
67,67,65,2,27.28,0.38,1,-1.82,0.04,0.07,1,63,11,40,5,0.1,0,0.05,Text11,R40,HOL
93,93,86.16,6.84,24.85,1.37,1,-1.99,0.8,0.28,1,83,30,40,1,0.79,0,-0.01,Text30,R40,TR
80,80,84.29,-4.29,26.26,-0.84,1,-2.65,0.72,-0.16,1,83,30,40,2,0.79,0,0.07,Text30,R40,CC
93,93,89.92,3.08,19.26,0.7,1,-1.17,0.96,0.16,1,93,30,40,3,0.79,0,-0.17,Text30,R40,LR
80,80,84.39,-4.39,26.18,-0.86,1,-2.67,0.73,-0.17,1,83,30,40,4,0.79,0,0.06,Text30,R40,GRA
95,95,84.69,10.31,25.96,2.02,1,-5.64,0.74,0.4,1,83,30,40,5,0.79,0,0.05,Text30,R40,HOL
50,50,51.25,-1.25,18.57,-0.29,1,-1.39,-0.54,-0.07,1,53,10,42,1,-0.54,0,-0.01,Text10,R42,TR
50,50,49.84,0.16,20.15,0.04,1,-1.35,-0.61,0.01,1,53,10,42,2,-0.54,0,0.07,Text10,R42,CC
67,67,54.46,12.54,21.21,2.72,1,-4.88,-0.37,0.59,1,53,10,42,3,-0.54,0,-0.17,Text10,R42,LR
47,47,49.91,-2.91,20.04,-0.65,1,-2.33,-0.61,-0.15,1,53,10,42,4,-0.54,0,0.06,Text10,R42,GRA
50,50,50.14,-0.14,19.73,-0.03,1,-1.35,-0.59,-0.01,1,53,10,42,5,-0.54,0,0.05,Text10,R42,HOL
73,73,66.64,6.36,28.31,1.2,1,-1.75,0.1,0.22,1,63,15,42,1,0.1,0,-0.01,Text15,R42,TR
63,63,64.61,-1.61,27.02,-0.31,1,-1.11,0.03,-0.06,1,63,15,42,2,0.1,0,0.07,Text15,R42,CC
67,67,71.43,-4.43,28.1,-0.84,1,-2.09,0.27,-0.16,1,73,15,42,3,0.1,0,-0.17,Text15,R42,LR
63,63,64.71,-1.71,27.08,-0.33,1,-1.11,0.03,-0.06,1,63,15,42,4,0.1,0,0.06,Text15,R42,GRA
62,62,65.03,-3.03,27.29,-0.58,1,-5.37,0.05,-0.11,1,63,15,42,5,0.1,0,0.05,Text15,R42,HOL
93,93,81.93,11.07,28.13,2.09,1,-3.42,0.64,0.39,1,83,23,42,1,0.63,0,-0.01,Text23,R42,TR
97,97,79.81,17.19,29.49,3.16,1,-7.65,0.56,0.58,1,83,23,42,2,0.63,0,0.07,Text23,R42,CC
93,93,86.35,6.65,24.68,1.34,1,-1.94,0.8,0.27,1,83,23,42,3,0.63,0,-0.17,Text23,R42,LR
97,97,79.93,17.07,29.44,3.15,1,-7.58,0.57,0.58,1,83,23,42,4,0.63,0,0.06,Text23,R42,GRA
94,94,80.26,13.74,29.27,2.54,1,-7.27,0.58,0.47,1,83,23,42,5,0.63,0,0.05,Text23,R42,HOL
43,43,49.25,-6.25,21,-1.36,1,-1.99,-0.64,-0.3,1,53,2,43,1,-0.64,0,-0.01,Text2,R43,TR
43,43,47.63,-4.63,22.98,-0.97,1,-1.59,-0.71,-0.2,1,50,2,43,2,-0.64,0,0.07,Text2,R43,CC
33,33,47.72,-14.72,22.89,-3.08,1,-6.14,-0.71,-0.64,1,50,2,43,4,-0.64,0,0.06,Text2,R43,GRA
34,34,47.98,-13.98,22.63,-2.94,1,-5.62,-0.7,-0.62,1,50,2,43,5,-0.64,0,0.05,Text2,R43,HOL
53,53,63.9,-10.9,26.6,-2.11,1,-3.22,0,-0.41,1,63,18,43,1,0,0,-0.01,Text18,R43,TR
53,53,61.97,-8.97,26.14,-1.75,1,-2.49,-0.07,-0.34,1,63,18,43,2,0,0,0.07,Text18,R43,CC
53,53,68.58,-15.58,28.82,-2.9,1,-5.44,0.17,-0.54,1,73,18,43,3,0,0,-0.17,Text18,R43,LR
53,53,62.07,-9.07,26.14,-1.77,1,-2.53,-0.07,-0.35,1,63,18,43,4,0,0,0.06,Text18,R43,GRA
50,50,62.37,-12.37,26.15,-2.42,1,-4.47,-0.05,-0.47,1,63,18,43,5,0,0,0.05,Text18,R43,HOL
83,83,86.61,-3.61,24.45,-0.73,1,-1.32,0.81,-0.15,1,83,26,43,1,0.81,0,-0.01,Text26,R43,TR
73,73,84.76,-11.76,25.9,-2.31,1,-3.5,0.74,-0.45,1,83,26,43,2,0.81,0,0.07,Text26,R43,CC
73,73,84.86,-11.86,25.83,-2.33,1,-3.55,0.74,-0.46,1,83,26,43,4,0.81,0,0.06,Text26,R43,GRA
75,75,85.16,-10.16,25.61,-2.01,1,-5.99,0.76,-0.4,1,83,26,43,5,0.81,0,0.05,Text26,R43,HOL
57,57,53.04,3.96,19.01,0.91,1,-2.33,-0.44,0.21,1,53,8,44,1,-0.45,0,-0.01,Text8,R44,TR
50,50,51.69,-1.69,18.37,-0.39,1,-1.42,-0.51,-0.09,1,53,8,44,2,-0.45,0,0.07,Text8,R44,CC
53,53,56.7,-3.7,24.9,-0.74,1,-1.22,-0.27,-0.15,1,53,8,44,3,-0.45,0,-0.17,Text8,R44,LR
43,43,51.76,-8.76,18.36,-2.04,1,-2.96,-0.51,-0.48,1,53,8,44,4,-0.45,0,0.06,Text8,R44,GRA
49,49,51.97,-2.97,18.35,-0.69,1,-5.39,-0.5,-0.16,1,53,8,44,5,-0.45,0,0.05,Text8,R44,HOL
53,53,64.13,-11.13,26.73,-2.15,1,-3.32,0.01,-0.42,1,63,17,44,1,0.01,0,-0.01,Text17,R44,TR
57,57,62.2,-5.2,26.14,-1.02,1,-2.47,-0.06,-0.2,1,63,17,44,2,0.01,0,0.07,Text17,R44,CC
57,57,68.84,-11.84,28.81,-2.21,1,-4.51,0.18,-0.41,1,73,17,44,3,0.01,0,-0.17,Text17,R44,LR
50,50,62.3,-12.3,26.15,-2.41,1,-4.43,-0.06,-0.47,1,63,17,44,4,0.01,0,0.06,Text17,R44,GRA
51,51,62.6,-11.6,26.18,-2.27,1,-7.23,-0.05,-0.44,1,63,17,44,5,0.01,0,0.05,Text17,R44,HOL
53,53,46.64,6.36,23.63,1.31,1,-1.86,-0.75,0.27,1,43,5,45,1,-0.76,0,-0.01,Text5,R45,TR
53,53,44.91,8.09,23.57,1.67,1,-2.39,-0.83,0.34,1,43,5,45,2,-0.76,0,0.07,Text5,R45,CC
63,63,50.3,12.7,19.52,2.87,1,-4.86,-0.59,0.65,1,53,5,45,3,-0.76,0,-0.17,Text5,R45,LR
53,53,44.99,8.01,23.61,1.65,1,-2.36,-0.82,0.34,1,43,5,45,4,-0.76,0,0.06,Text5,R45,GRA
55,55,45.27,9.73,23.7,2,1,-5.61,-0.81,0.41,1,43,5,45,5,-0.76,0,0.05,Text5,R45,HOL
73,73,59.31,13.69,26.48,2.66,1,-4.51,-0.17,0.52,1,63,20,45,1,-0.18,0,-0.01,Text20,R45,TR
63,63,57.39,5.61,25.64,1.11,1,-1.66,-0.24,0.22,1,53,20,45,2,-0.18,0,0.07,Text20,R45,CC
77,77,63.73,13.27,26.52,2.58,1,-4.92,0,0.5,1,63,20,45,3,-0.18,0,-0.17,Text20,R45,LR
63,63,57.49,5.51,25.73,1.09,1,-1.64,-0.24,0.21,1,53,20,45,4,-0.18,0,0.06,Text20,R45,GRA
63,63,57.79,5.21,25.96,1.02,1,-1.58,-0.23,0.2,1,53,20,45,5,-0.18,0,0.05,Text20,R45,HOL
63,63,69.96,-6.96,28.59,-1.3,1,-1.91,0.22,-0.24,1,73,28,45,2,0.29,0,0.07,Text28,R45,CC
83,83,76.78,6.22,29.38,1.15,1,-1.72,0.46,0.21,1,73,28,45,3,0.29,0,-0.17,Text28,R45,LR
85,85,70.39,14.61,28.45,2.74,1,-8.65,0.23,0.51,1,73,28,45,5,0.29,0,0.05,Text28,R45,HOL
43,43,48.04,-5.04,22.57,-1.06,1,-1.67,-0.69,-0.22,1,50,3,46,1,-0.7,0,-0.01,Text3,R46,TR
53,53,46.33,6.67,23.73,1.37,1,-1.95,-0.77,0.28,1,43,3,46,2,-0.7,0,0.07,Text3,R46,CC
60,60,51.44,8.56,18.46,1.99,1,-3.5,-0.53,0.46,1,53,3,46,3,-0.7,0,-0.17,Text3,R46,LR
53,53,46.42,6.58,23.7,1.35,1,-1.92,-0.76,0.28,1,43,3,46,4,-0.7,0,0.06,Text3,R46,GRA
48,48,46.7,1.3,23.61,0.27,1,-3.52,-0.75,0.06,1,43,3,46,5,-0.7,0,0.05,Text3,R46,HOL
63,63,71.47,-8.47,28.09,-1.6,1,-2.33,0.27,-0.3,1,73,16,46,1,0.27,0,-0.01,Text16,R46,TR
63,63,69.39,-6.39,28.73,-1.19,1,-1.78,0.2,-0.22,1,73,16,46,2,0.27,0,0.07,Text16,R46,CC
77,77,76.21,0.79,29.1,0.15,1,-1.79,0.44,0.03,1,73,16,46,3,0.27,0,-0.17,Text16,R46,LR
63,63,69.5,-6.5,28.71,-1.21,1,-1.81,0.2,-0.23,1,73,16,46,4,0.27,0,0.06,Text16,R46,GRA
64,64,69.83,-5.83,28.62,-1.09,1,-5.11,0.22,-0.2,1,73,16,46,5,0.27,0,0.05,Text16,R46,HOL
83,83,83.58,-0.58,26.8,-0.11,1,-1.07,0.7,-0.02,1,83,24,46,1,0.69,0,-0.01,Text24,R46,TR
73,73,81.56,-8.56,28.42,-1.61,1,-2.3,0.62,-0.3,1,83,24,46,2,0.69,0,0.07,Text24,R46,CC
83,83,87.79,-4.79,23.15,-1,1,-1.53,0.86,-0.21,1,87,24,46,3,0.69,0,-0.17,Text24,R46,LR
73,73,81.67,-8.67,28.34,-1.63,1,-2.33,0.63,-0.31,1,83,24,46,4,0.69,0,0.06,Text24,R46,GRA
77,77,81.99,-4.99,28.08,-0.94,1,-2.21,0.64,-0.18,1,83,24,46,5,0.69,0,0.05,Text24,R46,HOL
50,50,53.04,-3.04,19.01,-0.7,1,-1.6,-0.44,-0.16,1,53,8,47,1,-0.45,0,-0.01,Text8,R47,TR
47,47,51.69,-4.69,18.37,-1.09,1,-2.68,-0.51,-0.26,1,53,8,47,2,-0.45,0,0.07,Text8,R47,CC
53,53,56.7,-3.7,24.9,-0.74,1,-1.22,-0.27,-0.15,1,53,8,47,3,-0.45,0,-0.17,Text8,R47,LR
53,53,51.76,1.24,18.36,0.29,1,-0.96,-0.51,0.07,1,53,8,47,4,-0.45,0,0.06,Text8,R47,GRA
51,51,51.97,-0.97,18.35,-0.23,1,-4.56,-0.5,-0.05,1,53,8,47,5,-0.45,0,0.05,Text8,R47,HOL
60,60,64.13,-4.13,26.73,-0.8,1,-2.07,0.01,-0.15,1,63,17,47,1,0.01,0,-0.01,Text17,R47,TR
57,57,62.2,-5.2,26.14,-1.02,1,-2.47,-0.06,-0.2,1,63,17,47,2,0.01,0,0.07,Text17,R47,CC
70,70,68.84,1.16,28.81,0.22,1,-2.15,0.18,0.04,1,73,17,47,3,0.01,0,-0.17,Text17,R47,LR
63,63,62.3,0.7,26.15,0.14,1,-1.07,-0.06,0.03,1,63,17,47,4,0.01,0,0.06,Text17,R47,GRA
61,61,62.6,-1.6,26.18,-0.31,1,-4.14,-0.05,-0.06,1,63,17,47,5,0.01,0,0.05,Text17,R47,HOL
73,73,80.02,-7.02,29.4,-1.29,1,-1.88,0.57,-0.24,1,83,33,47,1,0.56,0,-0.01,Text33,R47,TR
63,63,77.85,-14.85,29.71,-2.72,1,-4.92,0.5,-0.5,1,73,33,47,2,0.56,0,0.07,Text33,R47,CC
77,77,84.67,-7.67,25.97,-1.51,1,-2.84,0.74,-0.3,1,83,33,47,3,0.56,0,-0.17,Text33,R47,LR
77,77,77.96,-0.96,29.73,-0.18,1,-1.79,0.5,-0.03,1,73,33,47,4,0.56,0,0.06,Text33,R47,GRA
65,65,78.3,-13.3,29.77,-2.44,1,-6.35,0.51,-0.45,1,83,33,47,5,0.56,0,0.05,Text33,R47,HOL
40,40,50.57,-10.57,19.2,-2.41,1,-3.92,-0.57,-0.55,1,53,9,48,1,-0.58,0,-0.01,Text9,R48,TR
40,40,49.09,-9.09,21.22,-1.97,1,-3.2,-0.65,-0.43,1,53,9,48,2,-0.58,0,0.07,Text9,R48,CC
47,47,53.72,-6.72,19.93,-1.5,1,-3.3,-0.4,-0.34,1,53,9,48,3,-0.58,0,-0.17,Text9,R48,LR
37,37,49.17,-12.17,21.1,-2.65,1,-5.2,-0.64,-0.58,1,53,9,48,4,-0.58,0,0.06,Text9,R48,GRA
48,48,49.41,-1.41,20.76,-0.31,1,-3.53,-0.63,-0.07,1,53,9,48,5,-0.58,0,0.05,Text9,R48,HOL
53,53,64.13,-11.13,26.73,-2.15,1,-3.32,0.01,-0.42,1,63,17,48,1,0.01,0,-0.01,Text17,R48,TR
50,50,62.2,-12.2,26.14,-2.39,1,-4.39,-0.06,-0.47,1,63,17,48,2,0.01,0,0.07,Text17,R48,CC
60,60,68.84,-8.84,28.81,-1.65,1,-3.15,0.18,-0.31,1,73,17,48,3,0.01,0,-0.17,Text17,R48,LR
53,53,62.3,-9.3,26.15,-1.82,1,-2.61,-0.06,-0.36,1,63,17,48,4,0.01,0,0.06,Text17,R48,GRA
58,58,62.6,-4.6,26.18,-0.9,1,-4.48,-0.05,-0.18,1,63,17,48,5,0.01,0,0.05,Text17,R48,HOL
63,63,83.25,-20.25,27.06,-3.89,1,-8.22,0.68,-0.75,1,83,27,48,1,0.68,0,-0.01,Text27,R48,TR
60,60,81.21,-21.21,28.67,-3.96,1,-9.59,0.61,-0.74,1,83,27,48,2,0.68,0,0.07,Text27,R48,CC
70,70,87.51,-17.51,23.51,-3.61,1,-7.78,0.85,-0.74,1,83,27,48,3,0.68,0,-0.17,Text27,R48,LR
73,73,81.32,-8.32,28.6,-1.56,1,-2.23,0.61,-0.29,1,83,27,48,4,0.68,0,0.06,Text27,R48,GRA
74,74,81.65,-7.65,28.35,-1.44,1,-5.14,0.63,-0.27,1,83,27,48,5,0.68,0,0.05,Text27,R48,HOL